"STATISTIC","Statistic Label","TLIST(A1)","Year","C02639V03196","Day of Week","UNIT","VALUE"
"ROA18C1","Fatal Collisions","2005","2005","-","All days","Number","360"
"ROA18C1","Fatal Collisions","2005","2005","1","Sunday","Number","82"
"ROA18C1","Fatal Collisions","2005","2005","2","Monday","Number","42"
"ROA18C1","Fatal Collisions","2005","2005","3","Tuesday","Number","28"
"ROA18C1","Fatal Collisions","2005","2005","4","Wednesday","Number","36"
"ROA18C1","Fatal Collisions","2005","2005","5","Thursday","Number","43"
"ROA18C1","Fatal Collisions","2005","2005","6","Friday","Number","54"
"ROA18C1","Fatal Collisions","2005","2005","7","Saturday","Number","75"
"ROA18C1","Fatal Collisions","2006","2006","-","All days","Number","321"
"ROA18C1","Fatal Collisions","2006","2006","1","Sunday","Number","70"
"ROA18C1","Fatal Collisions","2006","2006","2","Monday","Number","55"
"ROA18C1","Fatal Collisions","2006","2006","3","Tuesday","Number","41"
"ROA18C1","Fatal Collisions","2006","2006","4","Wednesday","Number","30"
"ROA18C1","Fatal Collisions","2006","2006","5","Thursday","Number","35"
"ROA18C1","Fatal Collisions","2006","2006","6","Friday","Number","41"
"ROA18C1","Fatal Collisions","2006","2006","7","Saturday","Number","49"
"ROA18C1","Fatal Collisions","2007","2007","-","All days","Number","309"
"ROA18C1","Fatal Collisions","2007","2007","1","Sunday","Number","66"
"ROA18C1","Fatal Collisions","2007","2007","2","Monday","Number","36"
"ROA18C1","Fatal Collisions","2007","2007","3","Tuesday","Number","34"
"ROA18C1","Fatal Collisions","2007","2007","4","Wednesday","Number","32"
"ROA18C1","Fatal Collisions","2007","2007","5","Thursday","Number","53"
"ROA18C1","Fatal Collisions","2007","2007","6","Friday","Number","34"
"ROA18C1","Fatal Collisions","2007","2007","7","Saturday","Number","54"
"ROA18C1","Fatal Collisions","2008","2008","-","All days","Number","254"
"ROA18C1","Fatal Collisions","2008","2008","1","Sunday","Number","52"
"ROA18C1","Fatal Collisions","2008","2008","2","Monday","Number","34"
"ROA18C1","Fatal Collisions","2008","2008","3","Tuesday","Number","32"
"ROA18C1","Fatal Collisions","2008","2008","4","Wednesday","Number","29"
"ROA18C1","Fatal Collisions","2008","2008","5","Thursday","Number","34"
"ROA18C1","Fatal Collisions","2008","2008","6","Friday","Number","31"
"ROA18C1","Fatal Collisions","2008","2008","7","Saturday","Number","42"
"ROA18C1","Fatal Collisions","2009","2009","-","All days","Number","220"
"ROA18C1","Fatal Collisions","2009","2009","1","Sunday","Number","47"
"ROA18C1","Fatal Collisions","2009","2009","2","Monday","Number","41"
"ROA18C1","Fatal Collisions","2009","2009","3","Tuesday","Number","28"
"ROA18C1","Fatal Collisions","2009","2009","4","Wednesday","Number","25"
"ROA18C1","Fatal Collisions","2009","2009","5","Thursday","Number","16"
"ROA18C1","Fatal Collisions","2009","2009","6","Friday","Number","29"
"ROA18C1","Fatal Collisions","2009","2009","7","Saturday","Number","34"
"ROA18C1","Fatal Collisions","2010","2010","-","All days","Number","185"
"ROA18C1","Fatal Collisions","2010","2010","1","Sunday","Number","42"
"ROA18C1","Fatal Collisions","2010","2010","2","Monday","Number","20"
"ROA18C1","Fatal Collisions","2010","2010","3","Tuesday","Number","21"
"ROA18C1","Fatal Collisions","2010","2010","4","Wednesday","Number","20"
"ROA18C1","Fatal Collisions","2010","2010","5","Thursday","Number","19"
"ROA18C1","Fatal Collisions","2010","2010","6","Friday","Number","26"
"ROA18C1","Fatal Collisions","2010","2010","7","Saturday","Number","37"
"ROA18C1","Fatal Collisions","2011","2011","-","All days","Number","172"
"ROA18C1","Fatal Collisions","2011","2011","1","Sunday","Number","30"
"ROA18C1","Fatal Collisions","2011","2011","2","Monday","Number","29"
"ROA18C1","Fatal Collisions","2011","2011","3","Tuesday","Number","26"
"ROA18C1","Fatal Collisions","2011","2011","4","Wednesday","Number","19"
"ROA18C1","Fatal Collisions","2011","2011","5","Thursday","Number","21"
"ROA18C1","Fatal Collisions","2011","2011","6","Friday","Number","29"
"ROA18C1","Fatal Collisions","2011","2011","7","Saturday","Number","18"
"ROA18C1","Fatal Collisions","2012","2012","-","All days","Number","152"
"ROA18C1","Fatal Collisions","2012","2012","1","Sunday","Number","38"
"ROA18C1","Fatal Collisions","2012","2012","2","Monday","Number","16"
"ROA18C1","Fatal Collisions","2012","2012","3","Tuesday","Number","11"
"ROA18C1","Fatal Collisions","2012","2012","4","Wednesday","Number","20"
"ROA18C1","Fatal Collisions","2012","2012","5","Thursday","Number","19"
"ROA18C1","Fatal Collisions","2012","2012","6","Friday","Number","22"
"ROA18C1","Fatal Collisions","2012","2012","7","Saturday","Number","26"
"ROA18C1","Fatal Collisions","2013","2013","-","All days","Number","179"
"ROA18C1","Fatal Collisions","2013","2013","1","Sunday","Number","32"
"ROA18C1","Fatal Collisions","2013","2013","2","Monday","Number","27"
"ROA18C1","Fatal Collisions","2013","2013","3","Tuesday","Number","19"
"ROA18C1","Fatal Collisions","2013","2013","4","Wednesday","Number","21"
"ROA18C1","Fatal Collisions","2013","2013","5","Thursday","Number","24"
"ROA18C1","Fatal Collisions","2013","2013","6","Friday","Number","32"
"ROA18C1","Fatal Collisions","2013","2013","7","Saturday","Number","24"
"ROA18C1","Fatal Collisions","2014","2014","-","All days","Number","178"
"ROA18C1","Fatal Collisions","2014","2014","1","Sunday","Number","29"
"ROA18C1","Fatal Collisions","2014","2014","2","Monday","Number","26"
"ROA18C1","Fatal Collisions","2014","2014","3","Tuesday","Number","18"
"ROA18C1","Fatal Collisions","2014","2014","4","Wednesday","Number","23"
"ROA18C1","Fatal Collisions","2014","2014","5","Thursday","Number","35"
"ROA18C1","Fatal Collisions","2014","2014","6","Friday","Number","24"
"ROA18C1","Fatal Collisions","2014","2014","7","Saturday","Number","23"
"ROA18C1","Fatal Collisions","2015","2015","-","All days","Number","155"
"ROA18C1","Fatal Collisions","2015","2015","1","Sunday","Number","29"
"ROA18C1","Fatal Collisions","2015","2015","2","Monday","Number","20"
"ROA18C1","Fatal Collisions","2015","2015","3","Tuesday","Number","23"
"ROA18C1","Fatal Collisions","2015","2015","4","Wednesday","Number","20"
"ROA18C1","Fatal Collisions","2015","2015","5","Thursday","Number","19"
"ROA18C1","Fatal Collisions","2015","2015","6","Friday","Number","22"
"ROA18C1","Fatal Collisions","2015","2015","7","Saturday","Number","22"
"ROA18C1","Fatal Collisions","2016","2016","-","All days","Number","174"
"ROA18C1","Fatal Collisions","2016","2016","1","Sunday","Number","34"
"ROA18C1","Fatal Collisions","2016","2016","2","Monday","Number","19"
"ROA18C1","Fatal Collisions","2016","2016","3","Tuesday","Number","26"
"ROA18C1","Fatal Collisions","2016","2016","4","Wednesday","Number","23"
"ROA18C1","Fatal Collisions","2016","2016","5","Thursday","Number","30"
"ROA18C1","Fatal Collisions","2016","2016","6","Friday","Number","15"
"ROA18C1","Fatal Collisions","2016","2016","7","Saturday","Number","27"
"ROA18C1","Fatal Collisions","2017","2017","-","All days","Number","141"
"ROA18C1","Fatal Collisions","2017","2017","1","Sunday","Number","30"
"ROA18C1","Fatal Collisions","2017","2017","2","Monday","Number","30"
"ROA18C1","Fatal Collisions","2017","2017","3","Tuesday","Number","17"
"ROA18C1","Fatal Collisions","2017","2017","4","Wednesday","Number","16"
"ROA18C1","Fatal Collisions","2017","2017","5","Thursday","Number","9"
"ROA18C1","Fatal Collisions","2017","2017","6","Friday","Number","17"
"ROA18C1","Fatal Collisions","2017","2017","7","Saturday","Number","22"
"ROA18C1","Fatal Collisions","2018","2018","-","All days","Number","132"
"ROA18C1","Fatal Collisions","2018","2018","1","Sunday","Number","29"
"ROA18C1","Fatal Collisions","2018","2018","2","Monday","Number","16"
"ROA18C1","Fatal Collisions","2018","2018","3","Tuesday","Number","21"
"ROA18C1","Fatal Collisions","2018","2018","4","Wednesday","Number","16"
"ROA18C1","Fatal Collisions","2018","2018","5","Thursday","Number","14"
"ROA18C1","Fatal Collisions","2018","2018","6","Friday","Number","18"
"ROA18C1","Fatal Collisions","2018","2018","7","Saturday","Number","18"
"ROA18C1","Fatal Collisions","2019","2019","-","All days","Number","129"
"ROA18C1","Fatal Collisions","2019","2019","1","Sunday","Number","29"
"ROA18C1","Fatal Collisions","2019","2019","2","Monday","Number","16"
"ROA18C1","Fatal Collisions","2019","2019","3","Tuesday","Number","12"
"ROA18C1","Fatal Collisions","2019","2019","4","Wednesday","Number","10"
"ROA18C1","Fatal Collisions","2019","2019","5","Thursday","Number","20"
"ROA18C1","Fatal Collisions","2019","2019","6","Friday","Number","24"
"ROA18C1","Fatal Collisions","2019","2019","7","Saturday","Number","18"
"ROA18C1","Fatal Collisions","2020","2020","-","All days","Number","136"
"ROA18C1","Fatal Collisions","2020","2020","1","Sunday","Number","21"
"ROA18C1","Fatal Collisions","2020","2020","2","Monday","Number","23"
"ROA18C1","Fatal Collisions","2020","2020","3","Tuesday","Number","18"
"ROA18C1","Fatal Collisions","2020","2020","4","Wednesday","Number","22"
"ROA18C1","Fatal Collisions","2020","2020","5","Thursday","Number","13"
"ROA18C1","Fatal Collisions","2020","2020","6","Friday","Number","12"
"ROA18C1","Fatal Collisions","2020","2020","7","Saturday","Number","27"
"ROA18C1","Fatal Collisions","2021","2021","-","All days","Number","124"
"ROA18C1","Fatal Collisions","2021","2021","1","Sunday","Number","16"
"ROA18C1","Fatal Collisions","2021","2021","2","Monday","Number","20"
"ROA18C1","Fatal Collisions","2021","2021","3","Tuesday","Number","22"
"ROA18C1","Fatal Collisions","2021","2021","4","Wednesday","Number","14"
"ROA18C1","Fatal Collisions","2021","2021","5","Thursday","Number","18"
"ROA18C1","Fatal Collisions","2021","2021","6","Friday","Number","13"
"ROA18C1","Fatal Collisions","2021","2021","7","Saturday","Number","21"
"ROA18C1","Fatal Collisions","2022","2022","-","All days","Number","147"
"ROA18C1","Fatal Collisions","2022","2022","1","Sunday","Number","29"
"ROA18C1","Fatal Collisions","2022","2022","2","Monday","Number","17"
"ROA18C1","Fatal Collisions","2022","2022","3","Tuesday","Number","17"
"ROA18C1","Fatal Collisions","2022","2022","4","Wednesday","Number","21"
"ROA18C1","Fatal Collisions","2022","2022","5","Thursday","Number","21"
"ROA18C1","Fatal Collisions","2022","2022","6","Friday","Number","22"
"ROA18C1","Fatal Collisions","2022","2022","7","Saturday","Number","20"
"ROA18C1","Fatal Collisions","2023","2023","-","All days","Number","168"
"ROA18C1","Fatal Collisions","2023","2023","1","Sunday","Number","26"
"ROA18C1","Fatal Collisions","2023","2023","2","Monday","Number","20"
"ROA18C1","Fatal Collisions","2023","2023","3","Tuesday","Number","16"
"ROA18C1","Fatal Collisions","2023","2023","4","Wednesday","Number","30"
"ROA18C1","Fatal Collisions","2023","2023","5","Thursday","Number","21"
"ROA18C1","Fatal Collisions","2023","2023","6","Friday","Number","19"
"ROA18C1","Fatal Collisions","2023","2023","7","Saturday","Number","36"
"ROA18C2","Injury Collisions","2005","2005","-","All days","Number","6173"
"ROA18C2","Injury Collisions","2005","2005","1","Sunday","Number","916"
"ROA18C2","Injury Collisions","2005","2005","2","Monday","Number","893"
"ROA18C2","Injury Collisions","2005","2005","3","Tuesday","Number","780"
"ROA18C2","Injury Collisions","2005","2005","4","Wednesday","Number","820"
"ROA18C2","Injury Collisions","2005","2005","5","Thursday","Number","853"
"ROA18C2","Injury Collisions","2005","2005","6","Friday","Number","988"
"ROA18C2","Injury Collisions","2005","2005","7","Saturday","Number","923"
"ROA18C2","Injury Collisions","2006","2006","-","All days","Number","5697"
"ROA18C2","Injury Collisions","2006","2006","1","Sunday","Number","901"
"ROA18C2","Injury Collisions","2006","2006","2","Monday","Number","811"
"ROA18C2","Injury Collisions","2006","2006","3","Tuesday","Number","789"
"ROA18C2","Injury Collisions","2006","2006","4","Wednesday","Number","720"
"ROA18C2","Injury Collisions","2006","2006","5","Thursday","Number","716"
"ROA18C2","Injury Collisions","2006","2006","6","Friday","Number","869"
"ROA18C2","Injury Collisions","2006","2006","7","Saturday","Number","891"
"ROA18C2","Injury Collisions","2007","2007","-","All days","Number","5158"
"ROA18C2","Injury Collisions","2007","2007","1","Sunday","Number","762"
"ROA18C2","Injury Collisions","2007","2007","2","Monday","Number","708"
"ROA18C2","Injury Collisions","2007","2007","3","Tuesday","Number","702"
"ROA18C2","Injury Collisions","2007","2007","4","Wednesday","Number","712"
"ROA18C2","Injury Collisions","2007","2007","5","Thursday","Number","701"
"ROA18C2","Injury Collisions","2007","2007","6","Friday","Number","817"
"ROA18C2","Injury Collisions","2007","2007","7","Saturday","Number","756"
"ROA18C2","Injury Collisions","2008","2008","-","All days","Number","6482"
"ROA18C2","Injury Collisions","2008","2008","1","Sunday","Number","891"
"ROA18C2","Injury Collisions","2008","2008","2","Monday","Number","920"
"ROA18C2","Injury Collisions","2008","2008","3","Tuesday","Number","963"
"ROA18C2","Injury Collisions","2008","2008","4","Wednesday","Number","892"
"ROA18C2","Injury Collisions","2008","2008","5","Thursday","Number","923"
"ROA18C2","Injury Collisions","2008","2008","6","Friday","Number","978"
"ROA18C2","Injury Collisions","2008","2008","7","Saturday","Number","915"
"ROA18C2","Injury Collisions","2009","2009","-","All days","Number","6395"
"ROA18C2","Injury Collisions","2009","2009","1","Sunday","Number","922"
"ROA18C2","Injury Collisions","2009","2009","2","Monday","Number","977"
"ROA18C2","Injury Collisions","2009","2009","3","Tuesday","Number","807"
"ROA18C2","Injury Collisions","2009","2009","4","Wednesday","Number","874"
"ROA18C2","Injury Collisions","2009","2009","5","Thursday","Number","907"
"ROA18C2","Injury Collisions","2009","2009","6","Friday","Number","1018"
"ROA18C2","Injury Collisions","2009","2009","7","Saturday","Number","890"
"ROA18C2","Injury Collisions","2010","2010","-","All days","Number","5595"
"ROA18C2","Injury Collisions","2010","2010","1","Sunday","Number","796"
"ROA18C2","Injury Collisions","2010","2010","2","Monday","Number","754"
"ROA18C2","Injury Collisions","2010","2010","3","Tuesday","Number","728"
"ROA18C2","Injury Collisions","2010","2010","4","Wednesday","Number","749"
"ROA18C2","Injury Collisions","2010","2010","5","Thursday","Number","761"
"ROA18C2","Injury Collisions","2010","2010","6","Friday","Number","986"
"ROA18C2","Injury Collisions","2010","2010","7","Saturday","Number","821"
"ROA18C2","Injury Collisions","2011","2011","-","All days","Number","5058"
"ROA18C2","Injury Collisions","2011","2011","1","Sunday","Number","689"
"ROA18C2","Injury Collisions","2011","2011","2","Monday","Number","696"
"ROA18C2","Injury Collisions","2011","2011","3","Tuesday","Number","747"
"ROA18C2","Injury Collisions","2011","2011","4","Wednesday","Number","736"
"ROA18C2","Injury Collisions","2011","2011","5","Thursday","Number","692"
"ROA18C2","Injury Collisions","2011","2011","6","Friday","Number","781"
"ROA18C2","Injury Collisions","2011","2011","7","Saturday","Number","717"
"ROA18C2","Injury Collisions","2012","2012","-","All days","Number","5458"
"ROA18C2","Injury Collisions","2012","2012","1","Sunday","Number","768"
"ROA18C2","Injury Collisions","2012","2012","2","Monday","Number","765"
"ROA18C2","Injury Collisions","2012","2012","3","Tuesday","Number","776"
"ROA18C2","Injury Collisions","2012","2012","4","Wednesday","Number","754"
"ROA18C2","Injury Collisions","2012","2012","5","Thursday","Number","788"
"ROA18C2","Injury Collisions","2012","2012","6","Friday","Number","900"
"ROA18C2","Injury Collisions","2012","2012","7","Saturday","Number","707"
"ROA18C2","Injury Collisions","2013","2013","-","All days","Number","4797"
"ROA18C2","Injury Collisions","2013","2013","1","Sunday","Number","573"
"ROA18C2","Injury Collisions","2013","2013","2","Monday","Number","685"
"ROA18C2","Injury Collisions","2013","2013","3","Tuesday","Number","683"
"ROA18C2","Injury Collisions","2013","2013","4","Wednesday","Number","720"
"ROA18C2","Injury Collisions","2013","2013","5","Thursday","Number","720"
"ROA18C2","Injury Collisions","2013","2013","6","Friday","Number","748"
"ROA18C2","Injury Collisions","2013","2013","7","Saturday","Number","668"
"ROA18C2","Injury Collisions","2014","2014","-","All days","Number","5618"
"ROA18C2","Injury Collisions","2014","2014","1","Sunday","Number","666"
"ROA18C2","Injury Collisions","2014","2014","2","Monday","Number","841"
"ROA18C2","Injury Collisions","2014","2014","3","Tuesday","Number","799"
"ROA18C2","Injury Collisions","2014","2014","4","Wednesday","Number","765"
"ROA18C2","Injury Collisions","2014","2014","5","Thursday","Number","811"
"ROA18C2","Injury Collisions","2014","2014","6","Friday","Number","905"
"ROA18C2","Injury Collisions","2014","2014","7","Saturday","Number","831"
"ROA18C2","Injury Collisions","2015","2015","-","All days","Number","5676"
"ROA18C2","Injury Collisions","2015","2015","1","Sunday","Number","736"
"ROA18C2","Injury Collisions","2015","2015","2","Monday","Number","841"
"ROA18C2","Injury Collisions","2015","2015","3","Tuesday","Number","828"
"ROA18C2","Injury Collisions","2015","2015","4","Wednesday","Number","856"
"ROA18C2","Injury Collisions","2015","2015","5","Thursday","Number","824"
"ROA18C2","Injury Collisions","2015","2015","6","Friday","Number","863"
"ROA18C2","Injury Collisions","2015","2015","7","Saturday","Number","728"
"ROA18C2","Injury Collisions","2016","2016","-","All days","Number","5717"
"ROA18C2","Injury Collisions","2016","2016","1","Sunday","Number","709"
"ROA18C2","Injury Collisions","2016","2016","2","Monday","Number","826"
"ROA18C2","Injury Collisions","2016","2016","3","Tuesday","Number","825"
"ROA18C2","Injury Collisions","2016","2016","4","Wednesday","Number","845"
"ROA18C2","Injury Collisions","2016","2016","5","Thursday","Number","811"
"ROA18C2","Injury Collisions","2016","2016","6","Friday","Number","907"
"ROA18C2","Injury Collisions","2016","2016","7","Saturday","Number","794"
"ROA18C2","Injury Collisions","2017","2017","-","All days","Number","5914"
"ROA18C2","Injury Collisions","2017","2017","1","Sunday","Number","761"
"ROA18C2","Injury Collisions","2017","2017","2","Monday","Number","829"
"ROA18C2","Injury Collisions","2017","2017","3","Tuesday","Number","837"
"ROA18C2","Injury Collisions","2017","2017","4","Wednesday","Number","888"
"ROA18C2","Injury Collisions","2017","2017","5","Thursday","Number","887"
"ROA18C2","Injury Collisions","2017","2017","6","Friday","Number","903"
"ROA18C2","Injury Collisions","2017","2017","7","Saturday","Number","809"
"ROA18C2","Injury Collisions","2018","2018","-","All days","Number","5974"
"ROA18C2","Injury Collisions","2018","2018","1","Sunday","Number","705"
"ROA18C2","Injury Collisions","2018","2018","2","Monday","Number","874"
"ROA18C2","Injury Collisions","2018","2018","3","Tuesday","Number","852"
"ROA18C2","Injury Collisions","2018","2018","4","Wednesday","Number","845"
"ROA18C2","Injury Collisions","2018","2018","5","Thursday","Number","925"
"ROA18C2","Injury Collisions","2018","2018","6","Friday","Number","1003"
"ROA18C2","Injury Collisions","2018","2018","7","Saturday","Number","770"
"ROA18C2","Injury Collisions","2019","2019","-","All days","Number","5698"
"ROA18C2","Injury Collisions","2019","2019","1","Sunday","Number","686"
"ROA18C2","Injury Collisions","2019","2019","2","Monday","Number","797"
"ROA18C2","Injury Collisions","2019","2019","3","Tuesday","Number","841"
"ROA18C2","Injury Collisions","2019","2019","4","Wednesday","Number","869"
"ROA18C2","Injury Collisions","2019","2019","5","Thursday","Number","882"
"ROA18C2","Injury Collisions","2019","2019","6","Friday","Number","914"
"ROA18C2","Injury Collisions","2019","2019","7","Saturday","Number","709"
"ROA18C2","Injury Collisions","2020","2020","-","All days","Number","4293"
"ROA18C2","Injury Collisions","2020","2020","1","Sunday","Number","497"
"ROA18C2","Injury Collisions","2020","2020","2","Monday","Number","602"
"ROA18C2","Injury Collisions","2020","2020","3","Tuesday","Number","603"
"ROA18C2","Injury Collisions","2020","2020","4","Wednesday","Number","627"
"ROA18C2","Injury Collisions","2020","2020","5","Thursday","Number","671"
"ROA18C2","Injury Collisions","2020","2020","6","Friday","Number","720"
"ROA18C2","Injury Collisions","2020","2020","7","Saturday","Number","573"
"ROA18C2","Injury Collisions","2021","2021","-","All days","Number","4789"
"ROA18C2","Injury Collisions","2021","2021","1","Sunday","Number","608"
"ROA18C2","Injury Collisions","2021","2021","2","Monday","Number","627"
"ROA18C2","Injury Collisions","2021","2021","3","Tuesday","Number","649"
"ROA18C2","Injury Collisions","2021","2021","4","Wednesday","Number","708"
"ROA18C2","Injury Collisions","2021","2021","5","Thursday","Number","712"
"ROA18C2","Injury Collisions","2021","2021","6","Friday","Number","796"
"ROA18C2","Injury Collisions","2021","2021","7","Saturday","Number","689"
"ROA18C2","Injury Collisions","2022","2022","-","All days","Number","5568"
"ROA18C2","Injury Collisions","2022","2022","1","Sunday","Number","708"
"ROA18C2","Injury Collisions","2022","2022","2","Monday","Number","755"
"ROA18C2","Injury Collisions","2022","2022","3","Tuesday","Number","806"
"ROA18C2","Injury Collisions","2022","2022","4","Wednesday","Number","830"
"ROA18C2","Injury Collisions","2022","2022","5","Thursday","Number","840"
"ROA18C2","Injury Collisions","2022","2022","6","Friday","Number","844"
"ROA18C2","Injury Collisions","2022","2022","7","Saturday","Number","785"
"ROA18C2","Injury Collisions","2023","2023","-","All days","Number","5358"
"ROA18C2","Injury Collisions","2023","2023","1","Sunday","Number","661"
"ROA18C2","Injury Collisions","2023","2023","2","Monday","Number","746"
"ROA18C2","Injury Collisions","2023","2023","3","Tuesday","Number","813"
"ROA18C2","Injury Collisions","2023","2023","4","Wednesday","Number","752"
"ROA18C2","Injury Collisions","2023","2023","5","Thursday","Number","840"
"ROA18C2","Injury Collisions","2023","2023","6","Friday","Number","851"
"ROA18C2","Injury Collisions","2023","2023","7","Saturday","Number","695"
"ROA18C3","All Fatal and Injury Collisions","2005","2005","-","All days","Number","6533"
"ROA18C3","All Fatal and Injury Collisions","2005","2005","1","Sunday","Number","998"
"ROA18C3","All Fatal and Injury Collisions","2005","2005","2","Monday","Number","935"
"ROA18C3","All Fatal and Injury Collisions","2005","2005","3","Tuesday","Number","808"
"ROA18C3","All Fatal and Injury Collisions","2005","2005","4","Wednesday","Number","856"
"ROA18C3","All Fatal and Injury Collisions","2005","2005","5","Thursday","Number","896"
"ROA18C3","All Fatal and Injury Collisions","2005","2005","6","Friday","Number","1042"
"ROA18C3","All Fatal and Injury Collisions","2005","2005","7","Saturday","Number","998"
"ROA18C3","All Fatal and Injury Collisions","2006","2006","-","All days","Number","6018"
"ROA18C3","All Fatal and Injury Collisions","2006","2006","1","Sunday","Number","971"
"ROA18C3","All Fatal and Injury Collisions","2006","2006","2","Monday","Number","866"
"ROA18C3","All Fatal and Injury Collisions","2006","2006","3","Tuesday","Number","830"
"ROA18C3","All Fatal and Injury Collisions","2006","2006","4","Wednesday","Number","750"
"ROA18C3","All Fatal and Injury Collisions","2006","2006","5","Thursday","Number","751"
"ROA18C3","All Fatal and Injury Collisions","2006","2006","6","Friday","Number","910"
"ROA18C3","All Fatal and Injury Collisions","2006","2006","7","Saturday","Number","940"
"ROA18C3","All Fatal and Injury Collisions","2007","2007","-","All days","Number","5467"
"ROA18C3","All Fatal and Injury Collisions","2007","2007","1","Sunday","Number","828"
"ROA18C3","All Fatal and Injury Collisions","2007","2007","2","Monday","Number","744"
"ROA18C3","All Fatal and Injury Collisions","2007","2007","3","Tuesday","Number","736"
"ROA18C3","All Fatal and Injury Collisions","2007","2007","4","Wednesday","Number","744"
"ROA18C3","All Fatal and Injury Collisions","2007","2007","5","Thursday","Number","754"
"ROA18C3","All Fatal and Injury Collisions","2007","2007","6","Friday","Number","851"
"ROA18C3","All Fatal and Injury Collisions","2007","2007","7","Saturday","Number","810"
"ROA18C3","All Fatal and Injury Collisions","2008","2008","-","All days","Number","6736"
"ROA18C3","All Fatal and Injury Collisions","2008","2008","1","Sunday","Number","943"
"ROA18C3","All Fatal and Injury Collisions","2008","2008","2","Monday","Number","954"
"ROA18C3","All Fatal and Injury Collisions","2008","2008","3","Tuesday","Number","995"
"ROA18C3","All Fatal and Injury Collisions","2008","2008","4","Wednesday","Number","921"
"ROA18C3","All Fatal and Injury Collisions","2008","2008","5","Thursday","Number","957"
"ROA18C3","All Fatal and Injury Collisions","2008","2008","6","Friday","Number","1009"
"ROA18C3","All Fatal and Injury Collisions","2008","2008","7","Saturday","Number","957"
"ROA18C3","All Fatal and Injury Collisions","2009","2009","-","All days","Number","6615"
"ROA18C3","All Fatal and Injury Collisions","2009","2009","1","Sunday","Number","969"
"ROA18C3","All Fatal and Injury Collisions","2009","2009","2","Monday","Number","1018"
"ROA18C3","All Fatal and Injury Collisions","2009","2009","3","Tuesday","Number","835"
"ROA18C3","All Fatal and Injury Collisions","2009","2009","4","Wednesday","Number","899"
"ROA18C3","All Fatal and Injury Collisions","2009","2009","5","Thursday","Number","923"
"ROA18C3","All Fatal and Injury Collisions","2009","2009","6","Friday","Number","1047"
"ROA18C3","All Fatal and Injury Collisions","2009","2009","7","Saturday","Number","924"
"ROA18C3","All Fatal and Injury Collisions","2010","2010","-","All days","Number","5780"
"ROA18C3","All Fatal and Injury Collisions","2010","2010","1","Sunday","Number","838"
"ROA18C3","All Fatal and Injury Collisions","2010","2010","2","Monday","Number","774"
"ROA18C3","All Fatal and Injury Collisions","2010","2010","3","Tuesday","Number","749"
"ROA18C3","All Fatal and Injury Collisions","2010","2010","4","Wednesday","Number","769"
"ROA18C3","All Fatal and Injury Collisions","2010","2010","5","Thursday","Number","780"
"ROA18C3","All Fatal and Injury Collisions","2010","2010","6","Friday","Number","1012"
"ROA18C3","All Fatal and Injury Collisions","2010","2010","7","Saturday","Number","858"
"ROA18C3","All Fatal and Injury Collisions","2011","2011","-","All days","Number","5230"
"ROA18C3","All Fatal and Injury Collisions","2011","2011","1","Sunday","Number","719"
"ROA18C3","All Fatal and Injury Collisions","2011","2011","2","Monday","Number","725"
"ROA18C3","All Fatal and Injury Collisions","2011","2011","3","Tuesday","Number","773"
"ROA18C3","All Fatal and Injury Collisions","2011","2011","4","Wednesday","Number","755"
"ROA18C3","All Fatal and Injury Collisions","2011","2011","5","Thursday","Number","713"
"ROA18C3","All Fatal and Injury Collisions","2011","2011","6","Friday","Number","810"
"ROA18C3","All Fatal and Injury Collisions","2011","2011","7","Saturday","Number","735"
"ROA18C3","All Fatal and Injury Collisions","2012","2012","-","All days","Number","5610"
"ROA18C3","All Fatal and Injury Collisions","2012","2012","1","Sunday","Number","806"
"ROA18C3","All Fatal and Injury Collisions","2012","2012","2","Monday","Number","781"
"ROA18C3","All Fatal and Injury Collisions","2012","2012","3","Tuesday","Number","787"
"ROA18C3","All Fatal and Injury Collisions","2012","2012","4","Wednesday","Number","774"
"ROA18C3","All Fatal and Injury Collisions","2012","2012","5","Thursday","Number","807"
"ROA18C3","All Fatal and Injury Collisions","2012","2012","6","Friday","Number","922"
"ROA18C3","All Fatal and Injury Collisions","2012","2012","7","Saturday","Number","733"
"ROA18C3","All Fatal and Injury Collisions","2013","2013","-","All days","Number","4976"
"ROA18C3","All Fatal and Injury Collisions","2013","2013","1","Sunday","Number","605"
"ROA18C3","All Fatal and Injury Collisions","2013","2013","2","Monday","Number","712"
"ROA18C3","All Fatal and Injury Collisions","2013","2013","3","Tuesday","Number","702"
"ROA18C3","All Fatal and Injury Collisions","2013","2013","4","Wednesday","Number","741"
"ROA18C3","All Fatal and Injury Collisions","2013","2013","5","Thursday","Number","744"
"ROA18C3","All Fatal and Injury Collisions","2013","2013","6","Friday","Number","780"
"ROA18C3","All Fatal and Injury Collisions","2013","2013","7","Saturday","Number","692"
"ROA18C3","All Fatal and Injury Collisions","2014","2014","-","All days","Number","5796"
"ROA18C3","All Fatal and Injury Collisions","2014","2014","1","Sunday","Number","695"
"ROA18C3","All Fatal and Injury Collisions","2014","2014","2","Monday","Number","867"
"ROA18C3","All Fatal and Injury Collisions","2014","2014","3","Tuesday","Number","817"
"ROA18C3","All Fatal and Injury Collisions","2014","2014","4","Wednesday","Number","788"
"ROA18C3","All Fatal and Injury Collisions","2014","2014","5","Thursday","Number","846"
"ROA18C3","All Fatal and Injury Collisions","2014","2014","6","Friday","Number","929"
"ROA18C3","All Fatal and Injury Collisions","2014","2014","7","Saturday","Number","854"
"ROA18C3","All Fatal and Injury Collisions","2015","2015","-","All days","Number","5831"
"ROA18C3","All Fatal and Injury Collisions","2015","2015","1","Sunday","Number","765"
"ROA18C3","All Fatal and Injury Collisions","2015","2015","2","Monday","Number","861"
"ROA18C3","All Fatal and Injury Collisions","2015","2015","3","Tuesday","Number","851"
"ROA18C3","All Fatal and Injury Collisions","2015","2015","4","Wednesday","Number","876"
"ROA18C3","All Fatal and Injury Collisions","2015","2015","5","Thursday","Number","843"
"ROA18C3","All Fatal and Injury Collisions","2015","2015","6","Friday","Number","885"
"ROA18C3","All Fatal and Injury Collisions","2015","2015","7","Saturday","Number","750"
"ROA18C3","All Fatal and Injury Collisions","2016","2016","-","All days","Number","5891"
"ROA18C3","All Fatal and Injury Collisions","2016","2016","1","Sunday","Number","743"
"ROA18C3","All Fatal and Injury Collisions","2016","2016","2","Monday","Number","845"
"ROA18C3","All Fatal and Injury Collisions","2016","2016","3","Tuesday","Number","851"
"ROA18C3","All Fatal and Injury Collisions","2016","2016","4","Wednesday","Number","868"
"ROA18C3","All Fatal and Injury Collisions","2016","2016","5","Thursday","Number","841"
"ROA18C3","All Fatal and Injury Collisions","2016","2016","6","Friday","Number","922"
"ROA18C3","All Fatal and Injury Collisions","2016","2016","7","Saturday","Number","821"
"ROA18C3","All Fatal and Injury Collisions","2017","2017","-","All days","Number","6055"
"ROA18C3","All Fatal and Injury Collisions","2017","2017","1","Sunday","Number","791"
"ROA18C3","All Fatal and Injury Collisions","2017","2017","2","Monday","Number","859"
"ROA18C3","All Fatal and Injury Collisions","2017","2017","3","Tuesday","Number","854"
"ROA18C3","All Fatal and Injury Collisions","2017","2017","4","Wednesday","Number","904"
"ROA18C3","All Fatal and Injury Collisions","2017","2017","5","Thursday","Number","896"
"ROA18C3","All Fatal and Injury Collisions","2017","2017","6","Friday","Number","920"
"ROA18C3","All Fatal and Injury Collisions","2017","2017","7","Saturday","Number","831"
"ROA18C3","All Fatal and Injury Collisions","2018","2018","-","All days","Number","6106"
"ROA18C3","All Fatal and Injury Collisions","2018","2018","1","Sunday","Number","734"
"ROA18C3","All Fatal and Injury Collisions","2018","2018","2","Monday","Number","890"
"ROA18C3","All Fatal and Injury Collisions","2018","2018","3","Tuesday","Number","873"
"ROA18C3","All Fatal and Injury Collisions","2018","2018","4","Wednesday","Number","861"
"ROA18C3","All Fatal and Injury Collisions","2018","2018","5","Thursday","Number","939"
"ROA18C3","All Fatal and Injury Collisions","2018","2018","6","Friday","Number","1021"
"ROA18C3","All Fatal and Injury Collisions","2018","2018","7","Saturday","Number","788"
"ROA18C3","All Fatal and Injury Collisions","2019","2019","-","All days","Number","5827"
"ROA18C3","All Fatal and Injury Collisions","2019","2019","1","Sunday","Number","715"
"ROA18C3","All Fatal and Injury Collisions","2019","2019","2","Monday","Number","813"
"ROA18C3","All Fatal and Injury Collisions","2019","2019","3","Tuesday","Number","853"
"ROA18C3","All Fatal and Injury Collisions","2019","2019","4","Wednesday","Number","879"
"ROA18C3","All Fatal and Injury Collisions","2019","2019","5","Thursday","Number","902"
"ROA18C3","All Fatal and Injury Collisions","2019","2019","6","Friday","Number","938"
"ROA18C3","All Fatal and Injury Collisions","2019","2019","7","Saturday","Number","727"
"ROA18C3","All Fatal and Injury Collisions","2020","2020","-","All days","Number","4429"
"ROA18C3","All Fatal and Injury Collisions","2020","2020","1","Sunday","Number","518"
"ROA18C3","All Fatal and Injury Collisions","2020","2020","2","Monday","Number","625"
"ROA18C3","All Fatal and Injury Collisions","2020","2020","3","Tuesday","Number","621"
"ROA18C3","All Fatal and Injury Collisions","2020","2020","4","Wednesday","Number","649"
"ROA18C3","All Fatal and Injury Collisions","2020","2020","5","Thursday","Number","684"
"ROA18C3","All Fatal and Injury Collisions","2020","2020","6","Friday","Number","732"
"ROA18C3","All Fatal and Injury Collisions","2020","2020","7","Saturday","Number","600"
"ROA18C3","All Fatal and Injury Collisions","2021","2021","-","All days","Number","4913"
"ROA18C3","All Fatal and Injury Collisions","2021","2021","1","Sunday","Number","624"
"ROA18C3","All Fatal and Injury Collisions","2021","2021","2","Monday","Number","647"
"ROA18C3","All Fatal and Injury Collisions","2021","2021","3","Tuesday","Number","671"
"ROA18C3","All Fatal and Injury Collisions","2021","2021","4","Wednesday","Number","722"
"ROA18C3","All Fatal and Injury Collisions","2021","2021","5","Thursday","Number","730"
"ROA18C3","All Fatal and Injury Collisions","2021","2021","6","Friday","Number","809"
"ROA18C3","All Fatal and Injury Collisions","2021","2021","7","Saturday","Number","710"
"ROA18C3","All Fatal and Injury Collisions","2022","2022","-","All days","Number","5715"
"ROA18C3","All Fatal and Injury Collisions","2022","2022","1","Sunday","Number","737"
"ROA18C3","All Fatal and Injury Collisions","2022","2022","2","Monday","Number","772"
"ROA18C3","All Fatal and Injury Collisions","2022","2022","3","Tuesday","Number","823"
"ROA18C3","All Fatal and Injury Collisions","2022","2022","4","Wednesday","Number","851"
"ROA18C3","All Fatal and Injury Collisions","2022","2022","5","Thursday","Number","861"
"ROA18C3","All Fatal and Injury Collisions","2022","2022","6","Friday","Number","866"
"ROA18C3","All Fatal and Injury Collisions","2022","2022","7","Saturday","Number","805"
"ROA18C3","All Fatal and Injury Collisions","2023","2023","-","All days","Number","5526"
"ROA18C3","All Fatal and Injury Collisions","2023","2023","1","Sunday","Number","687"
"ROA18C3","All Fatal and Injury Collisions","2023","2023","2","Monday","Number","766"
"ROA18C3","All Fatal and Injury Collisions","2023","2023","3","Tuesday","Number","829"
"ROA18C3","All Fatal and Injury Collisions","2023","2023","4","Wednesday","Number","782"
"ROA18C3","All Fatal and Injury Collisions","2023","2023","5","Thursday","Number","861"
"ROA18C3","All Fatal and Injury Collisions","2023","2023","6","Friday","Number","870"
"ROA18C3","All Fatal and Injury Collisions","2023","2023","7","Saturday","Number","731"
"ROA18C4","Killed Casualties","2005","2005","-","All days","Number","396"
"ROA18C4","Killed Casualties","2005","2005","1","Sunday","Number","89"
"ROA18C4","Killed Casualties","2005","2005","2","Monday","Number","47"
"ROA18C4","Killed Casualties","2005","2005","3","Tuesday","Number","29"
"ROA18C4","Killed Casualties","2005","2005","4","Wednesday","Number","38"
"ROA18C4","Killed Casualties","2005","2005","5","Thursday","Number","49"
"ROA18C4","Killed Casualties","2005","2005","6","Friday","Number","56"
"ROA18C4","Killed Casualties","2005","2005","7","Saturday","Number","88"
"ROA18C4","Killed Casualties","2006","2006","-","All days","Number","365"
"ROA18C4","Killed Casualties","2006","2006","1","Sunday","Number","80"
"ROA18C4","Killed Casualties","2006","2006","2","Monday","Number","64"
"ROA18C4","Killed Casualties","2006","2006","3","Tuesday","Number","42"
"ROA18C4","Killed Casualties","2006","2006","4","Wednesday","Number","35"
"ROA18C4","Killed Casualties","2006","2006","5","Thursday","Number","37"
"ROA18C4","Killed Casualties","2006","2006","6","Friday","Number","44"
"ROA18C4","Killed Casualties","2006","2006","7","Saturday","Number","63"
"ROA18C4","Killed Casualties","2007","2007","-","All days","Number","338"
"ROA18C4","Killed Casualties","2007","2007","1","Sunday","Number","75"
"ROA18C4","Killed Casualties","2007","2007","2","Monday","Number","41"
"ROA18C4","Killed Casualties","2007","2007","3","Tuesday","Number","36"
"ROA18C4","Killed Casualties","2007","2007","4","Wednesday","Number","34"
"ROA18C4","Killed Casualties","2007","2007","5","Thursday","Number","56"
"ROA18C4","Killed Casualties","2007","2007","6","Friday","Number","37"
"ROA18C4","Killed Casualties","2007","2007","7","Saturday","Number","59"
"ROA18C4","Killed Casualties","2008","2008","-","All days","Number","279"
"ROA18C4","Killed Casualties","2008","2008","1","Sunday","Number","59"
"ROA18C4","Killed Casualties","2008","2008","2","Monday","Number","38"
"ROA18C4","Killed Casualties","2008","2008","3","Tuesday","Number","34"
"ROA18C4","Killed Casualties","2008","2008","4","Wednesday","Number","31"
"ROA18C4","Killed Casualties","2008","2008","5","Thursday","Number","36"
"ROA18C4","Killed Casualties","2008","2008","6","Friday","Number","33"
"ROA18C4","Killed Casualties","2008","2008","7","Saturday","Number","48"
"ROA18C4","Killed Casualties","2009","2009","-","All days","Number","238"
"ROA18C4","Killed Casualties","2009","2009","1","Sunday","Number","50"
"ROA18C4","Killed Casualties","2009","2009","2","Monday","Number","45"
"ROA18C4","Killed Casualties","2009","2009","3","Tuesday","Number","32"
"ROA18C4","Killed Casualties","2009","2009","4","Wednesday","Number","27"
"ROA18C4","Killed Casualties","2009","2009","5","Thursday","Number","18"
"ROA18C4","Killed Casualties","2009","2009","6","Friday","Number","30"
"ROA18C4","Killed Casualties","2009","2009","7","Saturday","Number","36"
"ROA18C4","Killed Casualties","2010","2010","-","All days","Number","212"
"ROA18C4","Killed Casualties","2010","2010","1","Sunday","Number","54"
"ROA18C4","Killed Casualties","2010","2010","2","Monday","Number","23"
"ROA18C4","Killed Casualties","2010","2010","3","Tuesday","Number","23"
"ROA18C4","Killed Casualties","2010","2010","4","Wednesday","Number","24"
"ROA18C4","Killed Casualties","2010","2010","5","Thursday","Number","22"
"ROA18C4","Killed Casualties","2010","2010","6","Friday","Number","26"
"ROA18C4","Killed Casualties","2010","2010","7","Saturday","Number","40"
"ROA18C4","Killed Casualties","2011","2011","-","All days","Number","186"
"ROA18C4","Killed Casualties","2011","2011","1","Sunday","Number","30"
"ROA18C4","Killed Casualties","2011","2011","2","Monday","Number","30"
"ROA18C4","Killed Casualties","2011","2011","3","Tuesday","Number","29"
"ROA18C4","Killed Casualties","2011","2011","4","Wednesday","Number","21"
"ROA18C4","Killed Casualties","2011","2011","5","Thursday","Number","21"
"ROA18C4","Killed Casualties","2011","2011","6","Friday","Number","35"
"ROA18C4","Killed Casualties","2011","2011","7","Saturday","Number","20"
"ROA18C4","Killed Casualties","2012","2012","-","All days","Number","162"
"ROA18C4","Killed Casualties","2012","2012","1","Sunday","Number","39"
"ROA18C4","Killed Casualties","2012","2012","2","Monday","Number","17"
"ROA18C4","Killed Casualties","2012","2012","3","Tuesday","Number","11"
"ROA18C4","Killed Casualties","2012","2012","4","Wednesday","Number","21"
"ROA18C4","Killed Casualties","2012","2012","5","Thursday","Number","19"
"ROA18C4","Killed Casualties","2012","2012","6","Friday","Number","28"
"ROA18C4","Killed Casualties","2012","2012","7","Saturday","Number","27"
"ROA18C4","Killed Casualties","2013","2013","-","All days","Number","188"
"ROA18C4","Killed Casualties","2013","2013","1","Sunday","Number","32"
"ROA18C4","Killed Casualties","2013","2013","2","Monday","Number","29"
"ROA18C4","Killed Casualties","2013","2013","3","Tuesday","Number","19"
"ROA18C4","Killed Casualties","2013","2013","4","Wednesday","Number","21"
"ROA18C4","Killed Casualties","2013","2013","5","Thursday","Number","25"
"ROA18C4","Killed Casualties","2013","2013","6","Friday","Number","35"
"ROA18C4","Killed Casualties","2013","2013","7","Saturday","Number","27"
"ROA18C4","Killed Casualties","2014","2014","-","All days","Number","192"
"ROA18C4","Killed Casualties","2014","2014","1","Sunday","Number","30"
"ROA18C4","Killed Casualties","2014","2014","2","Monday","Number","26"
"ROA18C4","Killed Casualties","2014","2014","3","Tuesday","Number","18"
"ROA18C4","Killed Casualties","2014","2014","4","Wednesday","Number","25"
"ROA18C4","Killed Casualties","2014","2014","5","Thursday","Number","38"
"ROA18C4","Killed Casualties","2014","2014","6","Friday","Number","27"
"ROA18C4","Killed Casualties","2014","2014","7","Saturday","Number","28"
"ROA18C4","Killed Casualties","2015","2015","-","All days","Number","162"
"ROA18C4","Killed Casualties","2015","2015","1","Sunday","Number","31"
"ROA18C4","Killed Casualties","2015","2015","2","Monday","Number","20"
"ROA18C4","Killed Casualties","2015","2015","3","Tuesday","Number","27"
"ROA18C4","Killed Casualties","2015","2015","4","Wednesday","Number","20"
"ROA18C4","Killed Casualties","2015","2015","5","Thursday","Number","19"
"ROA18C4","Killed Casualties","2015","2015","6","Friday","Number","23"
"ROA18C4","Killed Casualties","2015","2015","7","Saturday","Number","22"
"ROA18C4","Killed Casualties","2016","2016","-","All days","Number","186"
"ROA18C4","Killed Casualties","2016","2016","1","Sunday","Number","37"
"ROA18C4","Killed Casualties","2016","2016","2","Monday","Number","20"
"ROA18C4","Killed Casualties","2016","2016","3","Tuesday","Number","29"
"ROA18C4","Killed Casualties","2016","2016","4","Wednesday","Number","25"
"ROA18C4","Killed Casualties","2016","2016","5","Thursday","Number","32"
"ROA18C4","Killed Casualties","2016","2016","6","Friday","Number","15"
"ROA18C4","Killed Casualties","2016","2016","7","Saturday","Number","28"
"ROA18C4","Killed Casualties","2017","2017","-","All days","Number","156"
"ROA18C4","Killed Casualties","2017","2017","1","Sunday","Number","31"
"ROA18C4","Killed Casualties","2017","2017","2","Monday","Number","38"
"ROA18C4","Killed Casualties","2017","2017","3","Tuesday","Number","17"
"ROA18C4","Killed Casualties","2017","2017","4","Wednesday","Number","17"
"ROA18C4","Killed Casualties","2017","2017","5","Thursday","Number","10"
"ROA18C4","Killed Casualties","2017","2017","6","Friday","Number","20"
"ROA18C4","Killed Casualties","2017","2017","7","Saturday","Number","23"
"ROA18C4","Killed Casualties","2018","2018","-","All days","Number","139"
"ROA18C4","Killed Casualties","2018","2018","1","Sunday","Number","31"
"ROA18C4","Killed Casualties","2018","2018","2","Monday","Number","18"
"ROA18C4","Killed Casualties","2018","2018","3","Tuesday","Number","22"
"ROA18C4","Killed Casualties","2018","2018","4","Wednesday","Number","17"
"ROA18C4","Killed Casualties","2018","2018","5","Thursday","Number","15"
"ROA18C4","Killed Casualties","2018","2018","6","Friday","Number","18"
"ROA18C4","Killed Casualties","2018","2018","7","Saturday","Number","18"
"ROA18C4","Killed Casualties","2019","2019","-","All days","Number","140"
"ROA18C4","Killed Casualties","2019","2019","1","Sunday","Number","32"
"ROA18C4","Killed Casualties","2019","2019","2","Monday","Number","18"
"ROA18C4","Killed Casualties","2019","2019","3","Tuesday","Number","13"
"ROA18C4","Killed Casualties","2019","2019","4","Wednesday","Number","10"
"ROA18C4","Killed Casualties","2019","2019","5","Thursday","Number","23"
"ROA18C4","Killed Casualties","2019","2019","6","Friday","Number","26"
"ROA18C4","Killed Casualties","2019","2019","7","Saturday","Number","18"
"ROA18C4","Killed Casualties","2020","2020","-","All days","Number","147"
"ROA18C4","Killed Casualties","2020","2020","1","Sunday","Number","21"
"ROA18C4","Killed Casualties","2020","2020","2","Monday","Number","24"
"ROA18C4","Killed Casualties","2020","2020","3","Tuesday","Number","19"
"ROA18C4","Killed Casualties","2020","2020","4","Wednesday","Number","24"
"ROA18C4","Killed Casualties","2020","2020","5","Thursday","Number","16"
"ROA18C4","Killed Casualties","2020","2020","6","Friday","Number","14"
"ROA18C4","Killed Casualties","2020","2020","7","Saturday","Number","29"
"ROA18C4","Killed Casualties","2021","2021","-","All days","Number","136"
"ROA18C4","Killed Casualties","2021","2021","1","Sunday","Number","16"
"ROA18C4","Killed Casualties","2021","2021","2","Monday","Number","20"
"ROA18C4","Killed Casualties","2021","2021","3","Tuesday","Number","23"
"ROA18C4","Killed Casualties","2021","2021","4","Wednesday","Number","17"
"ROA18C4","Killed Casualties","2021","2021","5","Thursday","Number","23"
"ROA18C4","Killed Casualties","2021","2021","6","Friday","Number","16"
"ROA18C4","Killed Casualties","2021","2021","7","Saturday","Number","21"
"ROA18C4","Killed Casualties","2022","2022","-","All days","Number","153"
"ROA18C4","Killed Casualties","2022","2022","1","Sunday","Number","31"
"ROA18C4","Killed Casualties","2022","2022","2","Monday","Number","17"
"ROA18C4","Killed Casualties","2022","2022","3","Tuesday","Number","18"
"ROA18C4","Killed Casualties","2022","2022","4","Wednesday","Number","21"
"ROA18C4","Killed Casualties","2022","2022","5","Thursday","Number","22"
"ROA18C4","Killed Casualties","2022","2022","6","Friday","Number","24"
"ROA18C4","Killed Casualties","2022","2022","7","Saturday","Number","20"
"ROA18C4","Killed Casualties","2023","2023","-","All days","Number","179"
"ROA18C4","Killed Casualties","2023","2023","1","Sunday","Number","26"
"ROA18C4","Killed Casualties","2023","2023","2","Monday","Number","23"
"ROA18C4","Killed Casualties","2023","2023","3","Tuesday","Number","18"
"ROA18C4","Killed Casualties","2023","2023","4","Wednesday","Number","31"
"ROA18C4","Killed Casualties","2023","2023","5","Thursday","Number","21"
"ROA18C4","Killed Casualties","2023","2023","6","Friday","Number","22"
"ROA18C4","Killed Casualties","2023","2023","7","Saturday","Number","38"
"ROA18C5","Injured Casualties","2005","2005","-","All days","Number","9318"
"ROA18C5","Injured Casualties","2005","2005","1","Sunday","Number","1528"
"ROA18C5","Injured Casualties","2005","2005","2","Monday","Number","1310"
"ROA18C5","Injured Casualties","2005","2005","3","Tuesday","Number","1105"
"ROA18C5","Injured Casualties","2005","2005","4","Wednesday","Number","1180"
"ROA18C5","Injured Casualties","2005","2005","5","Thursday","Number","1248"
"ROA18C5","Injured Casualties","2005","2005","6","Friday","Number","1476"
"ROA18C5","Injured Casualties","2005","2005","7","Saturday","Number","1471"
"ROA18C5","Injured Casualties","2006","2006","-","All days","Number","8575"
"ROA18C5","Injured Casualties","2006","2006","1","Sunday","Number","1474"
"ROA18C5","Injured Casualties","2006","2006","2","Monday","Number","1207"
"ROA18C5","Injured Casualties","2006","2006","3","Tuesday","Number","1157"
"ROA18C5","Injured Casualties","2006","2006","4","Wednesday","Number","1030"
"ROA18C5","Injured Casualties","2006","2006","5","Thursday","Number","1003"
"ROA18C5","Injured Casualties","2006","2006","6","Friday","Number","1297"
"ROA18C5","Injured Casualties","2006","2006","7","Saturday","Number","1407"
"ROA18C5","Injured Casualties","2007","2007","-","All days","Number","7806"
"ROA18C5","Injured Casualties","2007","2007","1","Sunday","Number","1260"
"ROA18C5","Injured Casualties","2007","2007","2","Monday","Number","1028"
"ROA18C5","Injured Casualties","2007","2007","3","Tuesday","Number","1013"
"ROA18C5","Injured Casualties","2007","2007","4","Wednesday","Number","1058"
"ROA18C5","Injured Casualties","2007","2007","5","Thursday","Number","1041"
"ROA18C5","Injured Casualties","2007","2007","6","Friday","Number","1215"
"ROA18C5","Injured Casualties","2007","2007","7","Saturday","Number","1191"
"ROA18C5","Injured Casualties","2008","2008","-","All days","Number","9758"
"ROA18C5","Injured Casualties","2008","2008","1","Sunday","Number","1474"
"ROA18C5","Injured Casualties","2008","2008","2","Monday","Number","1347"
"ROA18C5","Injured Casualties","2008","2008","3","Tuesday","Number","1421"
"ROA18C5","Injured Casualties","2008","2008","4","Wednesday","Number","1279"
"ROA18C5","Injured Casualties","2008","2008","5","Thursday","Number","1339"
"ROA18C5","Injured Casualties","2008","2008","6","Friday","Number","1440"
"ROA18C5","Injured Casualties","2008","2008","7","Saturday","Number","1458"
"ROA18C5","Injured Casualties","2009","2009","-","All days","Number","9742"
"ROA18C5","Injured Casualties","2009","2009","1","Sunday","Number","1507"
"ROA18C5","Injured Casualties","2009","2009","2","Monday","Number","1480"
"ROA18C5","Injured Casualties","2009","2009","3","Tuesday","Number","1199"
"ROA18C5","Injured Casualties","2009","2009","4","Wednesday","Number","1331"
"ROA18C5","Injured Casualties","2009","2009","5","Thursday","Number","1318"
"ROA18C5","Injured Casualties","2009","2009","6","Friday","Number","1501"
"ROA18C5","Injured Casualties","2009","2009","7","Saturday","Number","1406"
"ROA18C5","Injured Casualties","2010","2010","-","All days","Number","8270"
"ROA18C5","Injured Casualties","2010","2010","1","Sunday","Number","1304"
"ROA18C5","Injured Casualties","2010","2010","2","Monday","Number","1114"
"ROA18C5","Injured Casualties","2010","2010","3","Tuesday","Number","1011"
"ROA18C5","Injured Casualties","2010","2010","4","Wednesday","Number","1120"
"ROA18C5","Injured Casualties","2010","2010","5","Thursday","Number","1074"
"ROA18C5","Injured Casualties","2010","2010","6","Friday","Number","1402"
"ROA18C5","Injured Casualties","2010","2010","7","Saturday","Number","1245"
"ROA18C5","Injured Casualties","2011","2011","-","All days","Number","7235"
"ROA18C5","Injured Casualties","2011","2011","1","Sunday","Number","1091"
"ROA18C5","Injured Casualties","2011","2011","2","Monday","Number","987"
"ROA18C5","Injured Casualties","2011","2011","3","Tuesday","Number","1004"
"ROA18C5","Injured Casualties","2011","2011","4","Wednesday","Number","1016"
"ROA18C5","Injured Casualties","2011","2011","5","Thursday","Number","932"
"ROA18C5","Injured Casualties","2011","2011","6","Friday","Number","1126"
"ROA18C5","Injured Casualties","2011","2011","7","Saturday","Number","1079"
"ROA18C5","Injured Casualties","2012","2012","-","All days","Number","7942"
"ROA18C5","Injured Casualties","2012","2012","1","Sunday","Number","1169"
"ROA18C5","Injured Casualties","2012","2012","2","Monday","Number","1133"
"ROA18C5","Injured Casualties","2012","2012","3","Tuesday","Number","1068"
"ROA18C5","Injured Casualties","2012","2012","4","Wednesday","Number","1037"
"ROA18C5","Injured Casualties","2012","2012","5","Thursday","Number","1134"
"ROA18C5","Injured Casualties","2012","2012","6","Friday","Number","1329"
"ROA18C5","Injured Casualties","2012","2012","7","Saturday","Number","1072"
"ROA18C5","Injured Casualties","2013","2013","-","All days","Number","6880"
"ROA18C5","Injured Casualties","2013","2013","1","Sunday","Number","872"
"ROA18C5","Injured Casualties","2013","2013","2","Monday","Number","982"
"ROA18C5","Injured Casualties","2013","2013","3","Tuesday","Number","913"
"ROA18C5","Injured Casualties","2013","2013","4","Wednesday","Number","1028"
"ROA18C5","Injured Casualties","2013","2013","5","Thursday","Number","1006"
"ROA18C5","Injured Casualties","2013","2013","6","Friday","Number","1095"
"ROA18C5","Injured Casualties","2013","2013","7","Saturday","Number","984"
"ROA18C5","Injured Casualties","2014","2014","-","All days","Number","8079"
"ROA18C5","Injured Casualties","2014","2014","1","Sunday","Number","1050"
"ROA18C5","Injured Casualties","2014","2014","2","Monday","Number","1248"
"ROA18C5","Injured Casualties","2014","2014","3","Tuesday","Number","1143"
"ROA18C5","Injured Casualties","2014","2014","4","Wednesday","Number","1062"
"ROA18C5","Injured Casualties","2014","2014","5","Thursday","Number","1113"
"ROA18C5","Injured Casualties","2014","2014","6","Friday","Number","1251"
"ROA18C5","Injured Casualties","2014","2014","7","Saturday","Number","1212"
"ROA18C5","Injured Casualties","2015","2015","-","All days","Number","7840"
"ROA18C5","Injured Casualties","2015","2015","1","Sunday","Number","1076"
"ROA18C5","Injured Casualties","2015","2015","2","Monday","Number","1172"
"ROA18C5","Injured Casualties","2015","2015","3","Tuesday","Number","1086"
"ROA18C5","Injured Casualties","2015","2015","4","Wednesday","Number","1122"
"ROA18C5","Injured Casualties","2015","2015","5","Thursday","Number","1113"
"ROA18C5","Injured Casualties","2015","2015","6","Friday","Number","1197"
"ROA18C5","Injured Casualties","2015","2015","7","Saturday","Number","1074"
"ROA18C5","Injured Casualties","2016","2016","-","All days","Number","7710"
"ROA18C5","Injured Casualties","2016","2016","1","Sunday","Number","1044"
"ROA18C5","Injured Casualties","2016","2016","2","Monday","Number","1105"
"ROA18C5","Injured Casualties","2016","2016","3","Tuesday","Number","1094"
"ROA18C5","Injured Casualties","2016","2016","4","Wednesday","Number","1113"
"ROA18C5","Injured Casualties","2016","2016","5","Thursday","Number","1040"
"ROA18C5","Injured Casualties","2016","2016","6","Friday","Number","1189"
"ROA18C5","Injured Casualties","2016","2016","7","Saturday","Number","1125"
"ROA18C5","Injured Casualties","2017","2017","-","All days","Number","7778"
"ROA18C5","Injured Casualties","2017","2017","1","Sunday","Number","1062"
"ROA18C5","Injured Casualties","2017","2017","2","Monday","Number","1065"
"ROA18C5","Injured Casualties","2017","2017","3","Tuesday","Number","1084"
"ROA18C5","Injured Casualties","2017","2017","4","Wednesday","Number","1130"
"ROA18C5","Injured Casualties","2017","2017","5","Thursday","Number","1156"
"ROA18C5","Injured Casualties","2017","2017","6","Friday","Number","1165"
"ROA18C5","Injured Casualties","2017","2017","7","Saturday","Number","1116"
"ROA18C5","Injured Casualties","2018","2018","-","All days","Number","8011"
"ROA18C5","Injured Casualties","2018","2018","1","Sunday","Number","995"
"ROA18C5","Injured Casualties","2018","2018","2","Monday","Number","1137"
"ROA18C5","Injured Casualties","2018","2018","3","Tuesday","Number","1145"
"ROA18C5","Injured Casualties","2018","2018","4","Wednesday","Number","1108"
"ROA18C5","Injured Casualties","2018","2018","5","Thursday","Number","1203"
"ROA18C5","Injured Casualties","2018","2018","6","Friday","Number","1312"
"ROA18C5","Injured Casualties","2018","2018","7","Saturday","Number","1111"
"ROA18C5","Injured Casualties","2019","2019","-","All days","Number","7579"
"ROA18C5","Injured Casualties","2019","2019","1","Sunday","Number","981"
"ROA18C5","Injured Casualties","2019","2019","2","Monday","Number","1071"
"ROA18C5","Injured Casualties","2019","2019","3","Tuesday","Number","1057"
"ROA18C5","Injured Casualties","2019","2019","4","Wednesday","Number","1108"
"ROA18C5","Injured Casualties","2019","2019","5","Thursday","Number","1181"
"ROA18C5","Injured Casualties","2019","2019","6","Friday","Number","1214"
"ROA18C5","Injured Casualties","2019","2019","7","Saturday","Number","967"
"ROA18C5","Injured Casualties","2020","2020","-","All days","Number","5596"
"ROA18C5","Injured Casualties","2020","2020","1","Sunday","Number","686"
"ROA18C5","Injured Casualties","2020","2020","2","Monday","Number","787"
"ROA18C5","Injured Casualties","2020","2020","3","Tuesday","Number","798"
"ROA18C5","Injured Casualties","2020","2020","4","Wednesday","Number","787"
"ROA18C5","Injured Casualties","2020","2020","5","Thursday","Number","815"
"ROA18C5","Injured Casualties","2020","2020","6","Friday","Number","923"
"ROA18C5","Injured Casualties","2020","2020","7","Saturday","Number","800"
"ROA18C5","Injured Casualties","2021","2021","-","All days","Number","6196"
"ROA18C5","Injured Casualties","2021","2021","1","Sunday","Number","818"
"ROA18C5","Injured Casualties","2021","2021","2","Monday","Number","797"
"ROA18C5","Injured Casualties","2021","2021","3","Tuesday","Number","821"
"ROA18C5","Injured Casualties","2021","2021","4","Wednesday","Number","913"
"ROA18C5","Injured Casualties","2021","2021","5","Thursday","Number","902"
"ROA18C5","Injured Casualties","2021","2021","6","Friday","Number","1024"
"ROA18C5","Injured Casualties","2021","2021","7","Saturday","Number","921"
"ROA18C5","Injured Casualties","2022","2022","-","All days","Number","7358"
"ROA18C5","Injured Casualties","2022","2022","1","Sunday","Number","934"
"ROA18C5","Injured Casualties","2022","2022","2","Monday","Number","1027"
"ROA18C5","Injured Casualties","2022","2022","3","Tuesday","Number","1023"
"ROA18C5","Injured Casualties","2022","2022","4","Wednesday","Number","1045"
"ROA18C5","Injured Casualties","2022","2022","5","Thursday","Number","1080"
"ROA18C5","Injured Casualties","2022","2022","6","Friday","Number","1160"
"ROA18C5","Injured Casualties","2022","2022","7","Saturday","Number","1089"
"ROA18C5","Injured Casualties","2023","2023","-","All days","Number","6949"
"ROA18C5","Injured Casualties","2023","2023","1","Sunday","Number","907"
"ROA18C5","Injured Casualties","2023","2023","2","Monday","Number","955"
"ROA18C5","Injured Casualties","2023","2023","3","Tuesday","Number","999"
"ROA18C5","Injured Casualties","2023","2023","4","Wednesday","Number","977"
"ROA18C5","Injured Casualties","2023","2023","5","Thursday","Number","1086"
"ROA18C5","Injured Casualties","2023","2023","6","Friday","Number","1082"
"ROA18C5","Injured Casualties","2023","2023","7","Saturday","Number","943"
"ROA18C6","All Killed and Injured Casualties","2005","2005","-","All days","Number","9714"
"ROA18C6","All Killed and Injured Casualties","2005","2005","1","Sunday","Number","1617"
"ROA18C6","All Killed and Injured Casualties","2005","2005","2","Monday","Number","1357"
"ROA18C6","All Killed and Injured Casualties","2005","2005","3","Tuesday","Number","1134"
"ROA18C6","All Killed and Injured Casualties","2005","2005","4","Wednesday","Number","1218"
"ROA18C6","All Killed and Injured Casualties","2005","2005","5","Thursday","Number","1297"
"ROA18C6","All Killed and Injured Casualties","2005","2005","6","Friday","Number","1532"
"ROA18C6","All Killed and Injured Casualties","2005","2005","7","Saturday","Number","1559"
"ROA18C6","All Killed and Injured Casualties","2006","2006","-","All days","Number","8940"
"ROA18C6","All Killed and Injured Casualties","2006","2006","1","Sunday","Number","1554"
"ROA18C6","All Killed and Injured Casualties","2006","2006","2","Monday","Number","1271"
"ROA18C6","All Killed and Injured Casualties","2006","2006","3","Tuesday","Number","1199"
"ROA18C6","All Killed and Injured Casualties","2006","2006","4","Wednesday","Number","1065"
"ROA18C6","All Killed and Injured Casualties","2006","2006","5","Thursday","Number","1040"
"ROA18C6","All Killed and Injured Casualties","2006","2006","6","Friday","Number","1341"
"ROA18C6","All Killed and Injured Casualties","2006","2006","7","Saturday","Number","1470"
"ROA18C6","All Killed and Injured Casualties","2007","2007","-","All days","Number","8144"
"ROA18C6","All Killed and Injured Casualties","2007","2007","1","Sunday","Number","1335"
"ROA18C6","All Killed and Injured Casualties","2007","2007","2","Monday","Number","1069"
"ROA18C6","All Killed and Injured Casualties","2007","2007","3","Tuesday","Number","1049"
"ROA18C6","All Killed and Injured Casualties","2007","2007","4","Wednesday","Number","1092"
"ROA18C6","All Killed and Injured Casualties","2007","2007","5","Thursday","Number","1097"
"ROA18C6","All Killed and Injured Casualties","2007","2007","6","Friday","Number","1252"
"ROA18C6","All Killed and Injured Casualties","2007","2007","7","Saturday","Number","1250"
"ROA18C6","All Killed and Injured Casualties","2008","2008","-","All days","Number","10037"
"ROA18C6","All Killed and Injured Casualties","2008","2008","1","Sunday","Number","1533"
"ROA18C6","All Killed and Injured Casualties","2008","2008","2","Monday","Number","1385"
"ROA18C6","All Killed and Injured Casualties","2008","2008","3","Tuesday","Number","1455"
"ROA18C6","All Killed and Injured Casualties","2008","2008","4","Wednesday","Number","1310"
"ROA18C6","All Killed and Injured Casualties","2008","2008","5","Thursday","Number","1375"
"ROA18C6","All Killed and Injured Casualties","2008","2008","6","Friday","Number","1473"
"ROA18C6","All Killed and Injured Casualties","2008","2008","7","Saturday","Number","1506"
"ROA18C6","All Killed and Injured Casualties","2009","2009","-","All days","Number","9980"
"ROA18C6","All Killed and Injured Casualties","2009","2009","1","Sunday","Number","1557"
"ROA18C6","All Killed and Injured Casualties","2009","2009","2","Monday","Number","1525"
"ROA18C6","All Killed and Injured Casualties","2009","2009","3","Tuesday","Number","1231"
"ROA18C6","All Killed and Injured Casualties","2009","2009","4","Wednesday","Number","1358"
"ROA18C6","All Killed and Injured Casualties","2009","2009","5","Thursday","Number","1336"
"ROA18C6","All Killed and Injured Casualties","2009","2009","6","Friday","Number","1531"
"ROA18C6","All Killed and Injured Casualties","2009","2009","7","Saturday","Number","1442"
"ROA18C6","All Killed and Injured Casualties","2010","2010","-","All days","Number","8482"
"ROA18C6","All Killed and Injured Casualties","2010","2010","1","Sunday","Number","1358"
"ROA18C6","All Killed and Injured Casualties","2010","2010","2","Monday","Number","1137"
"ROA18C6","All Killed and Injured Casualties","2010","2010","3","Tuesday","Number","1034"
"ROA18C6","All Killed and Injured Casualties","2010","2010","4","Wednesday","Number","1144"
"ROA18C6","All Killed and Injured Casualties","2010","2010","5","Thursday","Number","1096"
"ROA18C6","All Killed and Injured Casualties","2010","2010","6","Friday","Number","1428"
"ROA18C6","All Killed and Injured Casualties","2010","2010","7","Saturday","Number","1285"
"ROA18C6","All Killed and Injured Casualties","2011","2011","-","All days","Number","7421"
"ROA18C6","All Killed and Injured Casualties","2011","2011","1","Sunday","Number","1121"
"ROA18C6","All Killed and Injured Casualties","2011","2011","2","Monday","Number","1017"
"ROA18C6","All Killed and Injured Casualties","2011","2011","3","Tuesday","Number","1033"
"ROA18C6","All Killed and Injured Casualties","2011","2011","4","Wednesday","Number","1037"
"ROA18C6","All Killed and Injured Casualties","2011","2011","5","Thursday","Number","953"
"ROA18C6","All Killed and Injured Casualties","2011","2011","6","Friday","Number","1161"
"ROA18C6","All Killed and Injured Casualties","2011","2011","7","Saturday","Number","1099"
"ROA18C6","All Killed and Injured Casualties","2012","2012","-","All days","Number","8104"
"ROA18C6","All Killed and Injured Casualties","2012","2012","1","Sunday","Number","1208"
"ROA18C6","All Killed and Injured Casualties","2012","2012","2","Monday","Number","1150"
"ROA18C6","All Killed and Injured Casualties","2012","2012","3","Tuesday","Number","1079"
"ROA18C6","All Killed and Injured Casualties","2012","2012","4","Wednesday","Number","1058"
"ROA18C6","All Killed and Injured Casualties","2012","2012","5","Thursday","Number","1153"
"ROA18C6","All Killed and Injured Casualties","2012","2012","6","Friday","Number","1357"
"ROA18C6","All Killed and Injured Casualties","2012","2012","7","Saturday","Number","1099"
"ROA18C6","All Killed and Injured Casualties","2013","2013","-","All days","Number","7068"
"ROA18C6","All Killed and Injured Casualties","2013","2013","1","Sunday","Number","904"
"ROA18C6","All Killed and Injured Casualties","2013","2013","2","Monday","Number","1011"
"ROA18C6","All Killed and Injured Casualties","2013","2013","3","Tuesday","Number","932"
"ROA18C6","All Killed and Injured Casualties","2013","2013","4","Wednesday","Number","1049"
"ROA18C6","All Killed and Injured Casualties","2013","2013","5","Thursday","Number","1031"
"ROA18C6","All Killed and Injured Casualties","2013","2013","6","Friday","Number","1130"
"ROA18C6","All Killed and Injured Casualties","2013","2013","7","Saturday","Number","1011"
"ROA18C6","All Killed and Injured Casualties","2014","2014","-","All days","Number","8271"
"ROA18C6","All Killed and Injured Casualties","2014","2014","1","Sunday","Number","1080"
"ROA18C6","All Killed and Injured Casualties","2014","2014","2","Monday","Number","1274"
"ROA18C6","All Killed and Injured Casualties","2014","2014","3","Tuesday","Number","1161"
"ROA18C6","All Killed and Injured Casualties","2014","2014","4","Wednesday","Number","1087"
"ROA18C6","All Killed and Injured Casualties","2014","2014","5","Thursday","Number","1151"
"ROA18C6","All Killed and Injured Casualties","2014","2014","6","Friday","Number","1278"
"ROA18C6","All Killed and Injured Casualties","2014","2014","7","Saturday","Number","1240"
"ROA18C6","All Killed and Injured Casualties","2015","2015","-","All days","Number","8002"
"ROA18C6","All Killed and Injured Casualties","2015","2015","1","Sunday","Number","1107"
"ROA18C6","All Killed and Injured Casualties","2015","2015","2","Monday","Number","1192"
"ROA18C6","All Killed and Injured Casualties","2015","2015","3","Tuesday","Number","1113"
"ROA18C6","All Killed and Injured Casualties","2015","2015","4","Wednesday","Number","1142"
"ROA18C6","All Killed and Injured Casualties","2015","2015","5","Thursday","Number","1132"
"ROA18C6","All Killed and Injured Casualties","2015","2015","6","Friday","Number","1220"
"ROA18C6","All Killed and Injured Casualties","2015","2015","7","Saturday","Number","1096"
"ROA18C6","All Killed and Injured Casualties","2016","2016","-","All days","Number","7896"
"ROA18C6","All Killed and Injured Casualties","2016","2016","1","Sunday","Number","1081"
"ROA18C6","All Killed and Injured Casualties","2016","2016","2","Monday","Number","1125"
"ROA18C6","All Killed and Injured Casualties","2016","2016","3","Tuesday","Number","1123"
"ROA18C6","All Killed and Injured Casualties","2016","2016","4","Wednesday","Number","1138"
"ROA18C6","All Killed and Injured Casualties","2016","2016","5","Thursday","Number","1072"
"ROA18C6","All Killed and Injured Casualties","2016","2016","6","Friday","Number","1204"
"ROA18C6","All Killed and Injured Casualties","2016","2016","7","Saturday","Number","1153"
"ROA18C6","All Killed and Injured Casualties","2017","2017","-","All days","Number","7934"
"ROA18C6","All Killed and Injured Casualties","2017","2017","1","Sunday","Number","1093"
"ROA18C6","All Killed and Injured Casualties","2017","2017","2","Monday","Number","1103"
"ROA18C6","All Killed and Injured Casualties","2017","2017","3","Tuesday","Number","1101"
"ROA18C6","All Killed and Injured Casualties","2017","2017","4","Wednesday","Number","1147"
"ROA18C6","All Killed and Injured Casualties","2017","2017","5","Thursday","Number","1166"
"ROA18C6","All Killed and Injured Casualties","2017","2017","6","Friday","Number","1185"
"ROA18C6","All Killed and Injured Casualties","2017","2017","7","Saturday","Number","1139"
"ROA18C6","All Killed and Injured Casualties","2018","2018","-","All days","Number","8150"
"ROA18C6","All Killed and Injured Casualties","2018","2018","1","Sunday","Number","1026"
"ROA18C6","All Killed and Injured Casualties","2018","2018","2","Monday","Number","1155"
"ROA18C6","All Killed and Injured Casualties","2018","2018","3","Tuesday","Number","1167"
"ROA18C6","All Killed and Injured Casualties","2018","2018","4","Wednesday","Number","1125"
"ROA18C6","All Killed and Injured Casualties","2018","2018","5","Thursday","Number","1218"
"ROA18C6","All Killed and Injured Casualties","2018","2018","6","Friday","Number","1330"
"ROA18C6","All Killed and Injured Casualties","2018","2018","7","Saturday","Number","1129"
"ROA18C6","All Killed and Injured Casualties","2019","2019","-","All days","Number","7719"
"ROA18C6","All Killed and Injured Casualties","2019","2019","1","Sunday","Number","1013"
"ROA18C6","All Killed and Injured Casualties","2019","2019","2","Monday","Number","1089"
"ROA18C6","All Killed and Injured Casualties","2019","2019","3","Tuesday","Number","1070"
"ROA18C6","All Killed and Injured Casualties","2019","2019","4","Wednesday","Number","1118"
"ROA18C6","All Killed and Injured Casualties","2019","2019","5","Thursday","Number","1204"
"ROA18C6","All Killed and Injured Casualties","2019","2019","6","Friday","Number","1240"
"ROA18C6","All Killed and Injured Casualties","2019","2019","7","Saturday","Number","985"
"ROA18C6","All Killed and Injured Casualties","2020","2020","-","All days","Number","5743"
"ROA18C6","All Killed and Injured Casualties","2020","2020","1","Sunday","Number","707"
"ROA18C6","All Killed and Injured Casualties","2020","2020","2","Monday","Number","811"
"ROA18C6","All Killed and Injured Casualties","2020","2020","3","Tuesday","Number","817"
"ROA18C6","All Killed and Injured Casualties","2020","2020","4","Wednesday","Number","811"
"ROA18C6","All Killed and Injured Casualties","2020","2020","5","Thursday","Number","831"
"ROA18C6","All Killed and Injured Casualties","2020","2020","6","Friday","Number","937"
"ROA18C6","All Killed and Injured Casualties","2020","2020","7","Saturday","Number","829"
"ROA18C6","All Killed and Injured Casualties","2021","2021","-","All days","Number","6332"
"ROA18C6","All Killed and Injured Casualties","2021","2021","1","Sunday","Number","834"
"ROA18C6","All Killed and Injured Casualties","2021","2021","2","Monday","Number","817"
"ROA18C6","All Killed and Injured Casualties","2021","2021","3","Tuesday","Number","844"
"ROA18C6","All Killed and Injured Casualties","2021","2021","4","Wednesday","Number","930"
"ROA18C6","All Killed and Injured Casualties","2021","2021","5","Thursday","Number","925"
"ROA18C6","All Killed and Injured Casualties","2021","2021","6","Friday","Number","1040"
"ROA18C6","All Killed and Injured Casualties","2021","2021","7","Saturday","Number","942"
"ROA18C6","All Killed and Injured Casualties","2022","2022","-","All days","Number","7511"
"ROA18C6","All Killed and Injured Casualties","2022","2022","1","Sunday","Number","965"
"ROA18C6","All Killed and Injured Casualties","2022","2022","2","Monday","Number","1044"
"ROA18C6","All Killed and Injured Casualties","2022","2022","3","Tuesday","Number","1041"
"ROA18C6","All Killed and Injured Casualties","2022","2022","4","Wednesday","Number","1066"
"ROA18C6","All Killed and Injured Casualties","2022","2022","5","Thursday","Number","1102"
"ROA18C6","All Killed and Injured Casualties","2022","2022","6","Friday","Number","1184"
"ROA18C6","All Killed and Injured Casualties","2022","2022","7","Saturday","Number","1109"
"ROA18C6","All Killed and Injured Casualties","2023","2023","-","All days","Number","7128"
"ROA18C6","All Killed and Injured Casualties","2023","2023","1","Sunday","Number","933"
"ROA18C6","All Killed and Injured Casualties","2023","2023","2","Monday","Number","978"
"ROA18C6","All Killed and Injured Casualties","2023","2023","3","Tuesday","Number","1017"
"ROA18C6","All Killed and Injured Casualties","2023","2023","4","Wednesday","Number","1008"
"ROA18C6","All Killed and Injured Casualties","2023","2023","5","Thursday","Number","1107"
"ROA18C6","All Killed and Injured Casualties","2023","2023","6","Friday","Number","1104"
"ROA18C6","All Killed and Injured Casualties","2023","2023","7","Saturday","Number","981"
