STATISTIC,Statistic Label,TLIST(A1),Year,C01885V02316,Month of Year,UNIT,VALUE
ROA17C1,Fatal Collisions,2005,2005,-,All months,Number,360.0
ROA17C1,Fatal Collisions,2005,2005,01,January,Number,31.0
ROA17C1,Fatal Collisions,2005,2005,02,February,Number,34.0
ROA17C1,Fatal Collisions,2005,2005,03,March,Number,23.0
ROA17C1,Fatal Collisions,2005,2005,04,April,Number,20.0
ROA17C1,Fatal Collisions,2005,2005,05,May,Number,36.0
ROA17C1,Fatal Collisions,2005,2005,06,June,Number,20.0
ROA17C1,Fatal Collisions,2005,2005,07,July,Number,38.0
ROA17C1,Fatal Collisions,2005,2005,08,August,Number,23.0
ROA17C1,Fatal Collisions,2005,2005,09,September,Number,29.0
ROA17C1,Fatal Collisions,2005,2005,10,October,Number,38.0
ROA17C1,Fatal Collisions,2005,2005,11,November,Number,31.0
ROA17C1,Fatal Collisions,2005,2005,12,December,Number,37.0
ROA17C1,Fatal Collisions,2006,2006,-,All months,Number,321.0
ROA17C1,Fatal Collisions,2006,2006,01,January,Number,34.0
ROA17C1,Fatal Collisions,2006,2006,02,February,Number,26.0
ROA17C1,Fatal Collisions,2006,2006,03,March,Number,25.0
ROA17C1,Fatal Collisions,2006,2006,04,April,Number,29.0
ROA17C1,Fatal Collisions,2006,2006,05,May,Number,25.0
ROA17C1,Fatal Collisions,2006,2006,06,June,Number,31.0
ROA17C1,Fatal Collisions,2006,2006,07,July,Number,33.0
ROA17C1,Fatal Collisions,2006,2006,08,August,Number,17.0
ROA17C1,Fatal Collisions,2006,2006,09,September,Number,21.0
ROA17C1,Fatal Collisions,2006,2006,10,October,Number,25.0
ROA17C1,Fatal Collisions,2006,2006,11,November,Number,24.0
ROA17C1,Fatal Collisions,2006,2006,12,December,Number,31.0
ROA17C1,Fatal Collisions,2007,2007,-,All months,Number,309.0
ROA17C1,Fatal Collisions,2007,2007,01,January,Number,21.0
ROA17C1,Fatal Collisions,2007,2007,02,February,Number,24.0
ROA17C1,Fatal Collisions,2007,2007,03,March,Number,32.0
ROA17C1,Fatal Collisions,2007,2007,04,April,Number,25.0
ROA17C1,Fatal Collisions,2007,2007,05,May,Number,19.0
ROA17C1,Fatal Collisions,2007,2007,06,June,Number,28.0
ROA17C1,Fatal Collisions,2007,2007,07,July,Number,30.0
ROA17C1,Fatal Collisions,2007,2007,08,August,Number,24.0
ROA17C1,Fatal Collisions,2007,2007,09,September,Number,26.0
ROA17C1,Fatal Collisions,2007,2007,10,October,Number,24.0
ROA17C1,Fatal Collisions,2007,2007,11,November,Number,20.0
ROA17C1,Fatal Collisions,2007,2007,12,December,Number,36.0
ROA17C1,Fatal Collisions,2008,2008,-,All months,Number,254.0
ROA17C1,Fatal Collisions,2008,2008,01,January,Number,25.0
ROA17C1,Fatal Collisions,2008,2008,02,February,Number,27.0
ROA17C1,Fatal Collisions,2008,2008,03,March,Number,18.0
ROA17C1,Fatal Collisions,2008,2008,04,April,Number,19.0
ROA17C1,Fatal Collisions,2008,2008,05,May,Number,16.0
ROA17C1,Fatal Collisions,2008,2008,06,June,Number,23.0
ROA17C1,Fatal Collisions,2008,2008,07,July,Number,24.0
ROA17C1,Fatal Collisions,2008,2008,08,August,Number,25.0
ROA17C1,Fatal Collisions,2008,2008,09,September,Number,19.0
ROA17C1,Fatal Collisions,2008,2008,10,October,Number,21.0
ROA17C1,Fatal Collisions,2008,2008,11,November,Number,20.0
ROA17C1,Fatal Collisions,2008,2008,12,December,Number,17.0
ROA17C1,Fatal Collisions,2009,2009,-,All months,Number,220.0
ROA17C1,Fatal Collisions,2009,2009,01,January,Number,17.0
ROA17C1,Fatal Collisions,2009,2009,02,February,Number,12.0
ROA17C1,Fatal Collisions,2009,2009,03,March,Number,22.0
ROA17C1,Fatal Collisions,2009,2009,04,April,Number,19.0
ROA17C1,Fatal Collisions,2009,2009,05,May,Number,25.0
ROA17C1,Fatal Collisions,2009,2009,06,June,Number,15.0
ROA17C1,Fatal Collisions,2009,2009,07,July,Number,17.0
ROA17C1,Fatal Collisions,2009,2009,08,August,Number,19.0
ROA17C1,Fatal Collisions,2009,2009,09,September,Number,14.0
ROA17C1,Fatal Collisions,2009,2009,10,October,Number,21.0
ROA17C1,Fatal Collisions,2009,2009,11,November,Number,21.0
ROA17C1,Fatal Collisions,2009,2009,12,December,Number,18.0
ROA17C1,Fatal Collisions,2010,2010,-,All months,Number,185.0
ROA17C1,Fatal Collisions,2010,2010,01,January,Number,14.0
ROA17C1,Fatal Collisions,2010,2010,02,February,Number,14.0
ROA17C1,Fatal Collisions,2010,2010,03,March,Number,12.0
ROA17C1,Fatal Collisions,2010,2010,04,April,Number,17.0
ROA17C1,Fatal Collisions,2010,2010,05,May,Number,25.0
ROA17C1,Fatal Collisions,2010,2010,06,June,Number,11.0
ROA17C1,Fatal Collisions,2010,2010,07,July,Number,13.0
ROA17C1,Fatal Collisions,2010,2010,08,August,Number,15.0
ROA17C1,Fatal Collisions,2010,2010,09,September,Number,11.0
ROA17C1,Fatal Collisions,2010,2010,10,October,Number,34.0
ROA17C1,Fatal Collisions,2010,2010,11,November,Number,13.0
ROA17C1,Fatal Collisions,2010,2010,12,December,Number,6.0
ROA17C1,Fatal Collisions,2011,2011,-,All months,Number,172.0
ROA17C1,Fatal Collisions,2011,2011,01,January,Number,16.0
ROA17C1,Fatal Collisions,2011,2011,02,February,Number,18.0
ROA17C1,Fatal Collisions,2011,2011,03,March,Number,14.0
ROA17C1,Fatal Collisions,2011,2011,04,April,Number,8.0
ROA17C1,Fatal Collisions,2011,2011,05,May,Number,10.0
ROA17C1,Fatal Collisions,2011,2011,06,June,Number,14.0
ROA17C1,Fatal Collisions,2011,2011,07,July,Number,17.0
ROA17C1,Fatal Collisions,2011,2011,08,August,Number,14.0
ROA17C1,Fatal Collisions,2011,2011,09,September,Number,13.0
ROA17C1,Fatal Collisions,2011,2011,10,October,Number,14.0
ROA17C1,Fatal Collisions,2011,2011,11,November,Number,18.0
ROA17C1,Fatal Collisions,2011,2011,12,December,Number,16.0
ROA17C1,Fatal Collisions,2012,2012,-,All months,Number,152.0
ROA17C1,Fatal Collisions,2012,2012,01,January,Number,10.0
ROA17C1,Fatal Collisions,2012,2012,02,February,Number,13.0
ROA17C1,Fatal Collisions,2012,2012,03,March,Number,11.0
ROA17C1,Fatal Collisions,2012,2012,04,April,Number,16.0
ROA17C1,Fatal Collisions,2012,2012,05,May,Number,12.0
ROA17C1,Fatal Collisions,2012,2012,06,June,Number,24.0
ROA17C1,Fatal Collisions,2012,2012,07,July,Number,15.0
ROA17C1,Fatal Collisions,2012,2012,08,August,Number,8.0
ROA17C1,Fatal Collisions,2012,2012,09,September,Number,10.0
ROA17C1,Fatal Collisions,2012,2012,10,October,Number,13.0
ROA17C1,Fatal Collisions,2012,2012,11,November,Number,8.0
ROA17C1,Fatal Collisions,2012,2012,12,December,Number,12.0
ROA17C1,Fatal Collisions,2013,2013,-,All months,Number,179.0
ROA17C1,Fatal Collisions,2013,2013,01,January,Number,18.0
ROA17C1,Fatal Collisions,2013,2013,02,February,Number,13.0
ROA17C1,Fatal Collisions,2013,2013,03,March,Number,14.0
ROA17C1,Fatal Collisions,2013,2013,04,April,Number,12.0
ROA17C1,Fatal Collisions,2013,2013,05,May,Number,14.0
ROA17C1,Fatal Collisions,2013,2013,06,June,Number,13.0
ROA17C1,Fatal Collisions,2013,2013,07,July,Number,18.0
ROA17C1,Fatal Collisions,2013,2013,08,August,Number,17.0
ROA17C1,Fatal Collisions,2013,2013,09,September,Number,16.0
ROA17C1,Fatal Collisions,2013,2013,10,October,Number,13.0
ROA17C1,Fatal Collisions,2013,2013,11,November,Number,15.0
ROA17C1,Fatal Collisions,2013,2013,12,December,Number,16.0
ROA17C1,Fatal Collisions,2014,2014,-,All months,Number,178.0
ROA17C1,Fatal Collisions,2014,2014,01,January,Number,15.0
ROA17C1,Fatal Collisions,2014,2014,02,February,Number,13.0
ROA17C1,Fatal Collisions,2014,2014,03,March,Number,14.0
ROA17C1,Fatal Collisions,2014,2014,04,April,Number,13.0
ROA17C1,Fatal Collisions,2014,2014,05,May,Number,18.0
ROA17C1,Fatal Collisions,2014,2014,06,June,Number,14.0
ROA17C1,Fatal Collisions,2014,2014,07,July,Number,16.0
ROA17C1,Fatal Collisions,2014,2014,08,August,Number,14.0
ROA17C1,Fatal Collisions,2014,2014,09,September,Number,11.0
ROA17C1,Fatal Collisions,2014,2014,10,October,Number,15.0
ROA17C1,Fatal Collisions,2014,2014,11,November,Number,18.0
ROA17C1,Fatal Collisions,2014,2014,12,December,Number,17.0
ROA17C1,Fatal Collisions,2015,2015,-,All months,Number,155.0
ROA17C1,Fatal Collisions,2015,2015,01,January,Number,9.0
ROA17C1,Fatal Collisions,2015,2015,02,February,Number,13.0
ROA17C1,Fatal Collisions,2015,2015,03,March,Number,11.0
ROA17C1,Fatal Collisions,2015,2015,04,April,Number,7.0
ROA17C1,Fatal Collisions,2015,2015,05,May,Number,12.0
ROA17C1,Fatal Collisions,2015,2015,06,June,Number,13.0
ROA17C1,Fatal Collisions,2015,2015,07,July,Number,17.0
ROA17C1,Fatal Collisions,2015,2015,08,August,Number,14.0
ROA17C1,Fatal Collisions,2015,2015,09,September,Number,16.0
ROA17C1,Fatal Collisions,2015,2015,10,October,Number,11.0
ROA17C1,Fatal Collisions,2015,2015,11,November,Number,13.0
ROA17C1,Fatal Collisions,2015,2015,12,December,Number,19.0
ROA17C1,Fatal Collisions,2016,2016,-,All months,Number,174.0
ROA17C1,Fatal Collisions,2016,2016,01,January,Number,14.0
ROA17C1,Fatal Collisions,2016,2016,02,February,Number,10.0
ROA17C1,Fatal Collisions,2016,2016,03,March,Number,16.0
ROA17C1,Fatal Collisions,2016,2016,04,April,Number,13.0
ROA17C1,Fatal Collisions,2016,2016,05,May,Number,20.0
ROA17C1,Fatal Collisions,2016,2016,06,June,Number,12.0
ROA17C1,Fatal Collisions,2016,2016,07,July,Number,16.0
ROA17C1,Fatal Collisions,2016,2016,08,August,Number,13.0
ROA17C1,Fatal Collisions,2016,2016,09,September,Number,17.0
ROA17C1,Fatal Collisions,2016,2016,10,October,Number,19.0
ROA17C1,Fatal Collisions,2016,2016,11,November,Number,9.0
ROA17C1,Fatal Collisions,2016,2016,12,December,Number,15.0
ROA17C1,Fatal Collisions,2017,2017,-,All months,Number,140.0
ROA17C1,Fatal Collisions,2017,2017,01,January,Number,14.0
ROA17C1,Fatal Collisions,2017,2017,02,February,Number,10.0
ROA17C1,Fatal Collisions,2017,2017,03,March,Number,19.0
ROA17C1,Fatal Collisions,2017,2017,04,April,Number,6.0
ROA17C1,Fatal Collisions,2017,2017,05,May,Number,8.0
ROA17C1,Fatal Collisions,2017,2017,06,June,Number,13.0
ROA17C1,Fatal Collisions,2017,2017,07,July,Number,14.0
ROA17C1,Fatal Collisions,2017,2017,08,August,Number,10.0
ROA17C1,Fatal Collisions,2017,2017,09,September,Number,10.0
ROA17C1,Fatal Collisions,2017,2017,10,October,Number,11.0
ROA17C1,Fatal Collisions,2017,2017,11,November,Number,13.0
ROA17C1,Fatal Collisions,2017,2017,12,December,Number,12.0
ROA17C1,Fatal Collisions,2018,2018,-,All months,Number,132.0
ROA17C1,Fatal Collisions,2018,2018,01,January,Number,11.0
ROA17C1,Fatal Collisions,2018,2018,02,February,Number,10.0
ROA17C1,Fatal Collisions,2018,2018,03,March,Number,13.0
ROA17C1,Fatal Collisions,2018,2018,04,April,Number,15.0
ROA17C1,Fatal Collisions,2018,2018,05,May,Number,4.0
ROA17C1,Fatal Collisions,2018,2018,06,June,Number,15.0
ROA17C1,Fatal Collisions,2018,2018,07,July,Number,8.0
ROA17C1,Fatal Collisions,2018,2018,08,August,Number,11.0
ROA17C1,Fatal Collisions,2018,2018,09,September,Number,10.0
ROA17C1,Fatal Collisions,2018,2018,10,October,Number,9.0
ROA17C1,Fatal Collisions,2018,2018,11,November,Number,11.0
ROA17C1,Fatal Collisions,2018,2018,12,December,Number,15.0
ROA17C1,Fatal Collisions,2019,2019,-,All months,Number,129.0
ROA17C1,Fatal Collisions,2019,2019,01,January,Number,10.0
ROA17C1,Fatal Collisions,2019,2019,02,February,Number,14.0
ROA17C1,Fatal Collisions,2019,2019,03,March,Number,9.0
ROA17C1,Fatal Collisions,2019,2019,04,April,Number,9.0
ROA17C1,Fatal Collisions,2019,2019,05,May,Number,8.0
ROA17C1,Fatal Collisions,2019,2019,06,June,Number,11.0
ROA17C1,Fatal Collisions,2019,2019,07,July,Number,8.0
ROA17C1,Fatal Collisions,2019,2019,08,August,Number,8.0
ROA17C1,Fatal Collisions,2019,2019,09,September,Number,17.0
ROA17C1,Fatal Collisions,2019,2019,10,October,Number,10.0
ROA17C1,Fatal Collisions,2019,2019,11,November,Number,11.0
ROA17C1,Fatal Collisions,2019,2019,12,December,Number,14.0
ROA17C1,Fatal Collisions,2020,2020,-,All months,Number,136.0
ROA17C1,Fatal Collisions,2020,2020,01,January,Number,8.0
ROA17C1,Fatal Collisions,2020,2020,02,February,Number,16.0
ROA17C1,Fatal Collisions,2020,2020,03,March,Number,18.0
ROA17C1,Fatal Collisions,2020,2020,04,April,Number,7.0
ROA17C1,Fatal Collisions,2020,2020,05,May,Number,6.0
ROA17C1,Fatal Collisions,2020,2020,06,June,Number,10.0
ROA17C1,Fatal Collisions,2020,2020,07,July,Number,9.0
ROA17C1,Fatal Collisions,2020,2020,08,August,Number,13.0
ROA17C1,Fatal Collisions,2020,2020,09,September,Number,17.0
ROA17C1,Fatal Collisions,2020,2020,10,October,Number,13.0
ROA17C1,Fatal Collisions,2020,2020,11,November,Number,11.0
ROA17C1,Fatal Collisions,2020,2020,12,December,Number,8.0
ROA17C1,Fatal Collisions,2021,2021,-,All months,Number,124.0
ROA17C1,Fatal Collisions,2021,2021,01,January,Number,4.0
ROA17C1,Fatal Collisions,2021,2021,02,February,Number,4.0
ROA17C1,Fatal Collisions,2021,2021,03,March,Number,10.0
ROA17C1,Fatal Collisions,2021,2021,04,April,Number,16.0
ROA17C1,Fatal Collisions,2021,2021,05,May,Number,7.0
ROA17C1,Fatal Collisions,2021,2021,06,June,Number,9.0
ROA17C1,Fatal Collisions,2021,2021,07,July,Number,15.0
ROA17C1,Fatal Collisions,2021,2021,08,August,Number,16.0
ROA17C1,Fatal Collisions,2021,2021,09,September,Number,11.0
ROA17C1,Fatal Collisions,2021,2021,10,October,Number,12.0
ROA17C1,Fatal Collisions,2021,2021,11,November,Number,3.0
ROA17C1,Fatal Collisions,2021,2021,12,December,Number,17.0
ROA17C1,Fatal Collisions,2022,2022,-,All months,Number,147.0
ROA17C1,Fatal Collisions,2022,2022,01,January,Number,13.0
ROA17C1,Fatal Collisions,2022,2022,02,February,Number,13.0
ROA17C1,Fatal Collisions,2022,2022,03,March,Number,15.0
ROA17C1,Fatal Collisions,2022,2022,04,April,Number,9.0
ROA17C1,Fatal Collisions,2022,2022,05,May,Number,12.0
ROA17C1,Fatal Collisions,2022,2022,06,June,Number,11.0
ROA17C1,Fatal Collisions,2022,2022,07,July,Number,11.0
ROA17C1,Fatal Collisions,2022,2022,08,August,Number,11.0
ROA17C1,Fatal Collisions,2022,2022,09,September,Number,9.0
ROA17C1,Fatal Collisions,2022,2022,10,October,Number,11.0
ROA17C1,Fatal Collisions,2022,2022,11,November,Number,17.0
ROA17C1,Fatal Collisions,2022,2022,12,December,Number,15.0
ROA17C1,Fatal Collisions,2023,2023,-,All months,Number,168.0
ROA17C1,Fatal Collisions,2023,2023,01,January,Number,16.0
ROA17C1,Fatal Collisions,2023,2023,02,February,Number,10.0
ROA17C1,Fatal Collisions,2023,2023,03,March,Number,11.0
ROA17C1,Fatal Collisions,2023,2023,04,April,Number,9.0
ROA17C1,Fatal Collisions,2023,2023,05,May,Number,20.0
ROA17C1,Fatal Collisions,2023,2023,06,June,Number,10.0
ROA17C1,Fatal Collisions,2023,2023,07,July,Number,15.0
ROA17C1,Fatal Collisions,2023,2023,08,August,Number,21.0
ROA17C1,Fatal Collisions,2023,2023,09,September,Number,9.0
ROA17C1,Fatal Collisions,2023,2023,10,October,Number,22.0
ROA17C1,Fatal Collisions,2023,2023,11,November,Number,12.0
ROA17C1,Fatal Collisions,2023,2023,12,December,Number,13.0
ROA17C2,Injury Collisions,2005,2005,-,All months,Number,6173.0
ROA17C2,Injury Collisions,2005,2005,01,January,Number,442.0
ROA17C2,Injury Collisions,2005,2005,02,February,Number,427.0
ROA17C2,Injury Collisions,2005,2005,03,March,Number,475.0
ROA17C2,Injury Collisions,2005,2005,04,April,Number,509.0
ROA17C2,Injury Collisions,2005,2005,05,May,Number,525.0
ROA17C2,Injury Collisions,2005,2005,06,June,Number,504.0
ROA17C2,Injury Collisions,2005,2005,07,July,Number,534.0
ROA17C2,Injury Collisions,2005,2005,08,August,Number,535.0
ROA17C2,Injury Collisions,2005,2005,09,September,Number,539.0
ROA17C2,Injury Collisions,2005,2005,10,October,Number,566.0
ROA17C2,Injury Collisions,2005,2005,11,November,Number,572.0
ROA17C2,Injury Collisions,2005,2005,12,December,Number,545.0
ROA17C2,Injury Collisions,2006,2006,-,All months,Number,5697.0
ROA17C2,Injury Collisions,2006,2006,01,January,Number,488.0
ROA17C2,Injury Collisions,2006,2006,02,February,Number,380.0
ROA17C2,Injury Collisions,2006,2006,03,March,Number,442.0
ROA17C2,Injury Collisions,2006,2006,04,April,Number,373.0
ROA17C2,Injury Collisions,2006,2006,05,May,Number,462.0
ROA17C2,Injury Collisions,2006,2006,06,June,Number,440.0
ROA17C2,Injury Collisions,2006,2006,07,July,Number,479.0
ROA17C2,Injury Collisions,2006,2006,08,August,Number,506.0
ROA17C2,Injury Collisions,2006,2006,09,September,Number,497.0
ROA17C2,Injury Collisions,2006,2006,10,October,Number,537.0
ROA17C2,Injury Collisions,2006,2006,11,November,Number,514.0
ROA17C2,Injury Collisions,2006,2006,12,December,Number,579.0
ROA17C2,Injury Collisions,2007,2007,-,All months,Number,5158.0
ROA17C2,Injury Collisions,2007,2007,01,January,Number,438.0
ROA17C2,Injury Collisions,2007,2007,02,February,Number,397.0
ROA17C2,Injury Collisions,2007,2007,03,March,Number,438.0
ROA17C2,Injury Collisions,2007,2007,04,April,Number,361.0
ROA17C2,Injury Collisions,2007,2007,05,May,Number,423.0
ROA17C2,Injury Collisions,2007,2007,06,June,Number,420.0
ROA17C2,Injury Collisions,2007,2007,07,July,Number,471.0
ROA17C2,Injury Collisions,2007,2007,08,August,Number,462.0
ROA17C2,Injury Collisions,2007,2007,09,September,Number,430.0
ROA17C2,Injury Collisions,2007,2007,10,October,Number,451.0
ROA17C2,Injury Collisions,2007,2007,11,November,Number,449.0
ROA17C2,Injury Collisions,2007,2007,12,December,Number,418.0
ROA17C2,Injury Collisions,2008,2008,-,All months,Number,6482.0
ROA17C2,Injury Collisions,2008,2008,01,January,Number,544.0
ROA17C2,Injury Collisions,2008,2008,02,February,Number,563.0
ROA17C2,Injury Collisions,2008,2008,03,March,Number,535.0
ROA17C2,Injury Collisions,2008,2008,04,April,Number,518.0
ROA17C2,Injury Collisions,2008,2008,05,May,Number,574.0
ROA17C2,Injury Collisions,2008,2008,06,June,Number,508.0
ROA17C2,Injury Collisions,2008,2008,07,July,Number,501.0
ROA17C2,Injury Collisions,2008,2008,08,August,Number,483.0
ROA17C2,Injury Collisions,2008,2008,09,September,Number,542.0
ROA17C2,Injury Collisions,2008,2008,10,October,Number,558.0
ROA17C2,Injury Collisions,2008,2008,11,November,Number,585.0
ROA17C2,Injury Collisions,2008,2008,12,December,Number,571.0
ROA17C2,Injury Collisions,2009,2009,-,All months,Number,6395.0
ROA17C2,Injury Collisions,2009,2009,01,January,Number,548.0
ROA17C2,Injury Collisions,2009,2009,02,February,Number,421.0
ROA17C2,Injury Collisions,2009,2009,03,March,Number,471.0
ROA17C2,Injury Collisions,2009,2009,04,April,Number,517.0
ROA17C2,Injury Collisions,2009,2009,05,May,Number,558.0
ROA17C2,Injury Collisions,2009,2009,06,June,Number,519.0
ROA17C2,Injury Collisions,2009,2009,07,July,Number,611.0
ROA17C2,Injury Collisions,2009,2009,08,August,Number,572.0
ROA17C2,Injury Collisions,2009,2009,09,September,Number,520.0
ROA17C2,Injury Collisions,2009,2009,10,October,Number,561.0
ROA17C2,Injury Collisions,2009,2009,11,November,Number,561.0
ROA17C2,Injury Collisions,2009,2009,12,December,Number,536.0
ROA17C2,Injury Collisions,2010,2010,-,All months,Number,5595.0
ROA17C2,Injury Collisions,2010,2010,01,January,Number,405.0
ROA17C2,Injury Collisions,2010,2010,02,February,Number,417.0
ROA17C2,Injury Collisions,2010,2010,03,March,Number,474.0
ROA17C2,Injury Collisions,2010,2010,04,April,Number,454.0
ROA17C2,Injury Collisions,2010,2010,05,May,Number,502.0
ROA17C2,Injury Collisions,2010,2010,06,June,Number,463.0
ROA17C2,Injury Collisions,2010,2010,07,July,Number,509.0
ROA17C2,Injury Collisions,2010,2010,08,August,Number,493.0
ROA17C2,Injury Collisions,2010,2010,09,September,Number,520.0
ROA17C2,Injury Collisions,2010,2010,10,October,Number,566.0
ROA17C2,Injury Collisions,2010,2010,11,November,Number,495.0
ROA17C2,Injury Collisions,2010,2010,12,December,Number,297.0
ROA17C2,Injury Collisions,2011,2011,-,All months,Number,5058.0
ROA17C2,Injury Collisions,2011,2011,01,January,Number,411.0
ROA17C2,Injury Collisions,2011,2011,02,February,Number,387.0
ROA17C2,Injury Collisions,2011,2011,03,March,Number,407.0
ROA17C2,Injury Collisions,2011,2011,04,April,Number,373.0
ROA17C2,Injury Collisions,2011,2011,05,May,Number,358.0
ROA17C2,Injury Collisions,2011,2011,06,June,Number,451.0
ROA17C2,Injury Collisions,2011,2011,07,July,Number,444.0
ROA17C2,Injury Collisions,2011,2011,08,August,Number,468.0
ROA17C2,Injury Collisions,2011,2011,09,September,Number,443.0
ROA17C2,Injury Collisions,2011,2011,10,October,Number,468.0
ROA17C2,Injury Collisions,2011,2011,11,November,Number,455.0
ROA17C2,Injury Collisions,2011,2011,12,December,Number,393.0
ROA17C2,Injury Collisions,2012,2012,-,All months,Number,5458.0
ROA17C2,Injury Collisions,2012,2012,01,January,Number,447.0
ROA17C2,Injury Collisions,2012,2012,02,February,Number,396.0
ROA17C2,Injury Collisions,2012,2012,03,March,Number,478.0
ROA17C2,Injury Collisions,2012,2012,04,April,Number,455.0
ROA17C2,Injury Collisions,2012,2012,05,May,Number,442.0
ROA17C2,Injury Collisions,2012,2012,06,June,Number,446.0
ROA17C2,Injury Collisions,2012,2012,07,July,Number,460.0
ROA17C2,Injury Collisions,2012,2012,08,August,Number,464.0
ROA17C2,Injury Collisions,2012,2012,09,September,Number,469.0
ROA17C2,Injury Collisions,2012,2012,10,October,Number,487.0
ROA17C2,Injury Collisions,2012,2012,11,November,Number,468.0
ROA17C2,Injury Collisions,2012,2012,12,December,Number,446.0
ROA17C2,Injury Collisions,2013,2013,-,All months,Number,4797.0
ROA17C2,Injury Collisions,2013,2013,01,January,Number,427.0
ROA17C2,Injury Collisions,2013,2013,02,February,Number,341.0
ROA17C2,Injury Collisions,2013,2013,03,March,Number,349.0
ROA17C2,Injury Collisions,2013,2013,04,April,Number,328.0
ROA17C2,Injury Collisions,2013,2013,05,May,Number,377.0
ROA17C2,Injury Collisions,2013,2013,06,June,Number,408.0
ROA17C2,Injury Collisions,2013,2013,07,July,Number,446.0
ROA17C2,Injury Collisions,2013,2013,08,August,Number,398.0
ROA17C2,Injury Collisions,2013,2013,09,September,Number,419.0
ROA17C2,Injury Collisions,2013,2013,10,October,Number,455.0
ROA17C2,Injury Collisions,2013,2013,11,November,Number,420.0
ROA17C2,Injury Collisions,2013,2013,12,December,Number,429.0
ROA17C2,Injury Collisions,2014,2014,-,All months,Number,5618.0
ROA17C2,Injury Collisions,2014,2014,01,January,Number,430.0
ROA17C2,Injury Collisions,2014,2014,02,February,Number,397.0
ROA17C2,Injury Collisions,2014,2014,03,March,Number,407.0
ROA17C2,Injury Collisions,2014,2014,04,April,Number,443.0
ROA17C2,Injury Collisions,2014,2014,05,May,Number,452.0
ROA17C2,Injury Collisions,2014,2014,06,June,Number,466.0
ROA17C2,Injury Collisions,2014,2014,07,July,Number,470.0
ROA17C2,Injury Collisions,2014,2014,08,August,Number,480.0
ROA17C2,Injury Collisions,2014,2014,09,September,Number,496.0
ROA17C2,Injury Collisions,2014,2014,10,October,Number,504.0
ROA17C2,Injury Collisions,2014,2014,11,November,Number,569.0
ROA17C2,Injury Collisions,2014,2014,12,December,Number,504.0
ROA17C2,Injury Collisions,2015,2015,-,All months,Number,5676.0
ROA17C2,Injury Collisions,2015,2015,01,January,Number,478.0
ROA17C2,Injury Collisions,2015,2015,02,February,Number,417.0
ROA17C2,Injury Collisions,2015,2015,03,March,Number,460.0
ROA17C2,Injury Collisions,2015,2015,04,April,Number,396.0
ROA17C2,Injury Collisions,2015,2015,05,May,Number,488.0
ROA17C2,Injury Collisions,2015,2015,06,June,Number,465.0
ROA17C2,Injury Collisions,2015,2015,07,July,Number,471.0
ROA17C2,Injury Collisions,2015,2015,08,August,Number,470.0
ROA17C2,Injury Collisions,2015,2015,09,September,Number,502.0
ROA17C2,Injury Collisions,2015,2015,10,October,Number,499.0
ROA17C2,Injury Collisions,2015,2015,11,November,Number,502.0
ROA17C2,Injury Collisions,2015,2015,12,December,Number,528.0
ROA17C2,Injury Collisions,2016,2016,-,All months,Number,5717.0
ROA17C2,Injury Collisions,2016,2016,01,January,Number,516.0
ROA17C2,Injury Collisions,2016,2016,02,February,Number,456.0
ROA17C2,Injury Collisions,2016,2016,03,March,Number,415.0
ROA17C2,Injury Collisions,2016,2016,04,April,Number,397.0
ROA17C2,Injury Collisions,2016,2016,05,May,Number,460.0
ROA17C2,Injury Collisions,2016,2016,06,June,Number,475.0
ROA17C2,Injury Collisions,2016,2016,07,July,Number,524.0
ROA17C2,Injury Collisions,2016,2016,08,August,Number,459.0
ROA17C2,Injury Collisions,2016,2016,09,September,Number,527.0
ROA17C2,Injury Collisions,2016,2016,10,October,Number,484.0
ROA17C2,Injury Collisions,2016,2016,11,November,Number,493.0
ROA17C2,Injury Collisions,2016,2016,12,December,Number,511.0
ROA17C2,Injury Collisions,2017,2017,-,All months,Number,5914.0
ROA17C2,Injury Collisions,2017,2017,01,January,Number,449.0
ROA17C2,Injury Collisions,2017,2017,02,February,Number,409.0
ROA17C2,Injury Collisions,2017,2017,03,March,Number,510.0
ROA17C2,Injury Collisions,2017,2017,04,April,Number,387.0
ROA17C2,Injury Collisions,2017,2017,05,May,Number,522.0
ROA17C2,Injury Collisions,2017,2017,06,June,Number,483.0
ROA17C2,Injury Collisions,2017,2017,07,July,Number,482.0
ROA17C2,Injury Collisions,2017,2017,08,August,Number,475.0
ROA17C2,Injury Collisions,2017,2017,09,September,Number,546.0
ROA17C2,Injury Collisions,2017,2017,10,October,Number,508.0
ROA17C2,Injury Collisions,2017,2017,11,November,Number,597.0
ROA17C2,Injury Collisions,2017,2017,12,December,Number,546.0
ROA17C2,Injury Collisions,2018,2018,-,All months,Number,5974.0
ROA17C2,Injury Collisions,2018,2018,01,January,Number,461.0
ROA17C2,Injury Collisions,2018,2018,02,February,Number,436.0
ROA17C2,Injury Collisions,2018,2018,03,March,Number,428.0
ROA17C2,Injury Collisions,2018,2018,04,April,Number,446.0
ROA17C2,Injury Collisions,2018,2018,05,May,Number,533.0
ROA17C2,Injury Collisions,2018,2018,06,June,Number,521.0
ROA17C2,Injury Collisions,2018,2018,07,July,Number,540.0
ROA17C2,Injury Collisions,2018,2018,08,August,Number,474.0
ROA17C2,Injury Collisions,2018,2018,09,September,Number,508.0
ROA17C2,Injury Collisions,2018,2018,10,October,Number,544.0
ROA17C2,Injury Collisions,2018,2018,11,November,Number,549.0
ROA17C2,Injury Collisions,2018,2018,12,December,Number,534.0
ROA17C2,Injury Collisions,2019,2019,-,All months,Number,5698.0
ROA17C2,Injury Collisions,2019,2019,01,January,Number,493.0
ROA17C2,Injury Collisions,2019,2019,02,February,Number,385.0
ROA17C2,Injury Collisions,2019,2019,03,March,Number,483.0
ROA17C2,Injury Collisions,2019,2019,04,April,Number,391.0
ROA17C2,Injury Collisions,2019,2019,05,May,Number,468.0
ROA17C2,Injury Collisions,2019,2019,06,June,Number,466.0
ROA17C2,Injury Collisions,2019,2019,07,July,Number,504.0
ROA17C2,Injury Collisions,2019,2019,08,August,Number,479.0
ROA17C2,Injury Collisions,2019,2019,09,September,Number,534.0
ROA17C2,Injury Collisions,2019,2019,10,October,Number,509.0
ROA17C2,Injury Collisions,2019,2019,11,November,Number,535.0
ROA17C2,Injury Collisions,2019,2019,12,December,Number,451.0
ROA17C2,Injury Collisions,2020,2020,-,All months,Number,4293.0
ROA17C2,Injury Collisions,2020,2020,01,January,Number,492.0
ROA17C2,Injury Collisions,2020,2020,02,February,Number,433.0
ROA17C2,Injury Collisions,2020,2020,03,March,Number,261.0
ROA17C2,Injury Collisions,2020,2020,04,April,Number,132.0
ROA17C2,Injury Collisions,2020,2020,05,May,Number,227.0
ROA17C2,Injury Collisions,2020,2020,06,June,Number,288.0
ROA17C2,Injury Collisions,2020,2020,07,July,Number,394.0
ROA17C2,Injury Collisions,2020,2020,08,August,Number,404.0
ROA17C2,Injury Collisions,2020,2020,09,September,Number,413.0
ROA17C2,Injury Collisions,2020,2020,10,October,Number,382.0
ROA17C2,Injury Collisions,2020,2020,11,November,Number,383.0
ROA17C2,Injury Collisions,2020,2020,12,December,Number,484.0
ROA17C2,Injury Collisions,2021,2021,-,All months,Number,4789.0
ROA17C2,Injury Collisions,2021,2021,01,January,Number,222.0
ROA17C2,Injury Collisions,2021,2021,02,February,Number,240.0
ROA17C2,Injury Collisions,2021,2021,03,March,Number,292.0
ROA17C2,Injury Collisions,2021,2021,04,April,Number,345.0
ROA17C2,Injury Collisions,2021,2021,05,May,Number,407.0
ROA17C2,Injury Collisions,2021,2021,06,June,Number,443.0
ROA17C2,Injury Collisions,2021,2021,07,July,Number,474.0
ROA17C2,Injury Collisions,2021,2021,08,August,Number,426.0
ROA17C2,Injury Collisions,2021,2021,09,September,Number,507.0
ROA17C2,Injury Collisions,2021,2021,10,October,Number,504.0
ROA17C2,Injury Collisions,2021,2021,11,November,Number,447.0
ROA17C2,Injury Collisions,2021,2021,12,December,Number,482.0
ROA17C2,Injury Collisions,2022,2022,-,All months,Number,5568.0
ROA17C2,Injury Collisions,2022,2022,01,January,Number,387.0
ROA17C2,Injury Collisions,2022,2022,02,February,Number,409.0
ROA17C2,Injury Collisions,2022,2022,03,March,Number,469.0
ROA17C2,Injury Collisions,2022,2022,04,April,Number,429.0
ROA17C2,Injury Collisions,2022,2022,05,May,Number,491.0
ROA17C2,Injury Collisions,2022,2022,06,June,Number,459.0
ROA17C2,Injury Collisions,2022,2022,07,July,Number,461.0
ROA17C2,Injury Collisions,2022,2022,08,August,Number,501.0
ROA17C2,Injury Collisions,2022,2022,09,September,Number,497.0
ROA17C2,Injury Collisions,2022,2022,10,October,Number,512.0
ROA17C2,Injury Collisions,2022,2022,11,November,Number,536.0
ROA17C2,Injury Collisions,2022,2022,12,December,Number,417.0
ROA17C2,Injury Collisions,2023,2023,-,All months,Number,5358.0
ROA17C2,Injury Collisions,2023,2023,01,January,Number,419.0
ROA17C2,Injury Collisions,2023,2023,02,February,Number,374.0
ROA17C2,Injury Collisions,2023,2023,03,March,Number,443.0
ROA17C2,Injury Collisions,2023,2023,04,April,Number,406.0
ROA17C2,Injury Collisions,2023,2023,05,May,Number,498.0
ROA17C2,Injury Collisions,2023,2023,06,June,Number,468.0
ROA17C2,Injury Collisions,2023,2023,07,July,Number,457.0
ROA17C2,Injury Collisions,2023,2023,08,August,Number,446.0
ROA17C2,Injury Collisions,2023,2023,09,September,Number,470.0
ROA17C2,Injury Collisions,2023,2023,10,October,Number,460.0
ROA17C2,Injury Collisions,2023,2023,11,November,Number,467.0
ROA17C2,Injury Collisions,2023,2023,12,December,Number,450.0
ROA17C3,All Fatal and Injury Collisions,2005,2005,-,All months,Number,6533.0
ROA17C3,All Fatal and Injury Collisions,2005,2005,01,January,Number,473.0
ROA17C3,All Fatal and Injury Collisions,2005,2005,02,February,Number,461.0
ROA17C3,All Fatal and Injury Collisions,2005,2005,03,March,Number,498.0
ROA17C3,All Fatal and Injury Collisions,2005,2005,04,April,Number,529.0
ROA17C3,All Fatal and Injury Collisions,2005,2005,05,May,Number,561.0
ROA17C3,All Fatal and Injury Collisions,2005,2005,06,June,Number,524.0
ROA17C3,All Fatal and Injury Collisions,2005,2005,07,July,Number,572.0
ROA17C3,All Fatal and Injury Collisions,2005,2005,08,August,Number,558.0
ROA17C3,All Fatal and Injury Collisions,2005,2005,09,September,Number,568.0
ROA17C3,All Fatal and Injury Collisions,2005,2005,10,October,Number,604.0
ROA17C3,All Fatal and Injury Collisions,2005,2005,11,November,Number,603.0
ROA17C3,All Fatal and Injury Collisions,2005,2005,12,December,Number,582.0
ROA17C3,All Fatal and Injury Collisions,2006,2006,-,All months,Number,6018.0
ROA17C3,All Fatal and Injury Collisions,2006,2006,01,January,Number,522.0
ROA17C3,All Fatal and Injury Collisions,2006,2006,02,February,Number,406.0
ROA17C3,All Fatal and Injury Collisions,2006,2006,03,March,Number,467.0
ROA17C3,All Fatal and Injury Collisions,2006,2006,04,April,Number,402.0
ROA17C3,All Fatal and Injury Collisions,2006,2006,05,May,Number,487.0
ROA17C3,All Fatal and Injury Collisions,2006,2006,06,June,Number,471.0
ROA17C3,All Fatal and Injury Collisions,2006,2006,07,July,Number,512.0
ROA17C3,All Fatal and Injury Collisions,2006,2006,08,August,Number,523.0
ROA17C3,All Fatal and Injury Collisions,2006,2006,09,September,Number,518.0
ROA17C3,All Fatal and Injury Collisions,2006,2006,10,October,Number,562.0
ROA17C3,All Fatal and Injury Collisions,2006,2006,11,November,Number,538.0
ROA17C3,All Fatal and Injury Collisions,2006,2006,12,December,Number,610.0
ROA17C3,All Fatal and Injury Collisions,2007,2007,-,All months,Number,5467.0
ROA17C3,All Fatal and Injury Collisions,2007,2007,01,January,Number,459.0
ROA17C3,All Fatal and Injury Collisions,2007,2007,02,February,Number,421.0
ROA17C3,All Fatal and Injury Collisions,2007,2007,03,March,Number,470.0
ROA17C3,All Fatal and Injury Collisions,2007,2007,04,April,Number,386.0
ROA17C3,All Fatal and Injury Collisions,2007,2007,05,May,Number,442.0
ROA17C3,All Fatal and Injury Collisions,2007,2007,06,June,Number,448.0
ROA17C3,All Fatal and Injury Collisions,2007,2007,07,July,Number,501.0
ROA17C3,All Fatal and Injury Collisions,2007,2007,08,August,Number,486.0
ROA17C3,All Fatal and Injury Collisions,2007,2007,09,September,Number,456.0
ROA17C3,All Fatal and Injury Collisions,2007,2007,10,October,Number,475.0
ROA17C3,All Fatal and Injury Collisions,2007,2007,11,November,Number,469.0
ROA17C3,All Fatal and Injury Collisions,2007,2007,12,December,Number,454.0
ROA17C3,All Fatal and Injury Collisions,2008,2008,-,All months,Number,6736.0
ROA17C3,All Fatal and Injury Collisions,2008,2008,01,January,Number,569.0
ROA17C3,All Fatal and Injury Collisions,2008,2008,02,February,Number,590.0
ROA17C3,All Fatal and Injury Collisions,2008,2008,03,March,Number,553.0
ROA17C3,All Fatal and Injury Collisions,2008,2008,04,April,Number,537.0
ROA17C3,All Fatal and Injury Collisions,2008,2008,05,May,Number,590.0
ROA17C3,All Fatal and Injury Collisions,2008,2008,06,June,Number,531.0
ROA17C3,All Fatal and Injury Collisions,2008,2008,07,July,Number,525.0
ROA17C3,All Fatal and Injury Collisions,2008,2008,08,August,Number,508.0
ROA17C3,All Fatal and Injury Collisions,2008,2008,09,September,Number,561.0
ROA17C3,All Fatal and Injury Collisions,2008,2008,10,October,Number,579.0
ROA17C3,All Fatal and Injury Collisions,2008,2008,11,November,Number,605.0
ROA17C3,All Fatal and Injury Collisions,2008,2008,12,December,Number,588.0
ROA17C3,All Fatal and Injury Collisions,2009,2009,-,All months,Number,6615.0
ROA17C3,All Fatal and Injury Collisions,2009,2009,01,January,Number,565.0
ROA17C3,All Fatal and Injury Collisions,2009,2009,02,February,Number,433.0
ROA17C3,All Fatal and Injury Collisions,2009,2009,03,March,Number,493.0
ROA17C3,All Fatal and Injury Collisions,2009,2009,04,April,Number,536.0
ROA17C3,All Fatal and Injury Collisions,2009,2009,05,May,Number,583.0
ROA17C3,All Fatal and Injury Collisions,2009,2009,06,June,Number,534.0
ROA17C3,All Fatal and Injury Collisions,2009,2009,07,July,Number,628.0
ROA17C3,All Fatal and Injury Collisions,2009,2009,08,August,Number,591.0
ROA17C3,All Fatal and Injury Collisions,2009,2009,09,September,Number,534.0
ROA17C3,All Fatal and Injury Collisions,2009,2009,10,October,Number,582.0
ROA17C3,All Fatal and Injury Collisions,2009,2009,11,November,Number,582.0
ROA17C3,All Fatal and Injury Collisions,2009,2009,12,December,Number,554.0
ROA17C3,All Fatal and Injury Collisions,2010,2010,-,All months,Number,5780.0
ROA17C3,All Fatal and Injury Collisions,2010,2010,01,January,Number,419.0
ROA17C3,All Fatal and Injury Collisions,2010,2010,02,February,Number,431.0
ROA17C3,All Fatal and Injury Collisions,2010,2010,03,March,Number,486.0
ROA17C3,All Fatal and Injury Collisions,2010,2010,04,April,Number,471.0
ROA17C3,All Fatal and Injury Collisions,2010,2010,05,May,Number,527.0
ROA17C3,All Fatal and Injury Collisions,2010,2010,06,June,Number,474.0
ROA17C3,All Fatal and Injury Collisions,2010,2010,07,July,Number,522.0
ROA17C3,All Fatal and Injury Collisions,2010,2010,08,August,Number,508.0
ROA17C3,All Fatal and Injury Collisions,2010,2010,09,September,Number,531.0
ROA17C3,All Fatal and Injury Collisions,2010,2010,10,October,Number,600.0
ROA17C3,All Fatal and Injury Collisions,2010,2010,11,November,Number,508.0
ROA17C3,All Fatal and Injury Collisions,2010,2010,12,December,Number,303.0
ROA17C3,All Fatal and Injury Collisions,2011,2011,-,All months,Number,5230.0
ROA17C3,All Fatal and Injury Collisions,2011,2011,01,January,Number,427.0
ROA17C3,All Fatal and Injury Collisions,2011,2011,02,February,Number,405.0
ROA17C3,All Fatal and Injury Collisions,2011,2011,03,March,Number,421.0
ROA17C3,All Fatal and Injury Collisions,2011,2011,04,April,Number,381.0
ROA17C3,All Fatal and Injury Collisions,2011,2011,05,May,Number,368.0
ROA17C3,All Fatal and Injury Collisions,2011,2011,06,June,Number,465.0
ROA17C3,All Fatal and Injury Collisions,2011,2011,07,July,Number,461.0
ROA17C3,All Fatal and Injury Collisions,2011,2011,08,August,Number,482.0
ROA17C3,All Fatal and Injury Collisions,2011,2011,09,September,Number,456.0
ROA17C3,All Fatal and Injury Collisions,2011,2011,10,October,Number,482.0
ROA17C3,All Fatal and Injury Collisions,2011,2011,11,November,Number,473.0
ROA17C3,All Fatal and Injury Collisions,2011,2011,12,December,Number,409.0
ROA17C3,All Fatal and Injury Collisions,2012,2012,-,All months,Number,5610.0
ROA17C3,All Fatal and Injury Collisions,2012,2012,01,January,Number,457.0
ROA17C3,All Fatal and Injury Collisions,2012,2012,02,February,Number,409.0
ROA17C3,All Fatal and Injury Collisions,2012,2012,03,March,Number,489.0
ROA17C3,All Fatal and Injury Collisions,2012,2012,04,April,Number,471.0
ROA17C3,All Fatal and Injury Collisions,2012,2012,05,May,Number,454.0
ROA17C3,All Fatal and Injury Collisions,2012,2012,06,June,Number,470.0
ROA17C3,All Fatal and Injury Collisions,2012,2012,07,July,Number,475.0
ROA17C3,All Fatal and Injury Collisions,2012,2012,08,August,Number,472.0
ROA17C3,All Fatal and Injury Collisions,2012,2012,09,September,Number,479.0
ROA17C3,All Fatal and Injury Collisions,2012,2012,10,October,Number,500.0
ROA17C3,All Fatal and Injury Collisions,2012,2012,11,November,Number,476.0
ROA17C3,All Fatal and Injury Collisions,2012,2012,12,December,Number,458.0
ROA17C3,All Fatal and Injury Collisions,2013,2013,-,All months,Number,4976.0
ROA17C3,All Fatal and Injury Collisions,2013,2013,01,January,Number,445.0
ROA17C3,All Fatal and Injury Collisions,2013,2013,02,February,Number,354.0
ROA17C3,All Fatal and Injury Collisions,2013,2013,03,March,Number,363.0
ROA17C3,All Fatal and Injury Collisions,2013,2013,04,April,Number,340.0
ROA17C3,All Fatal and Injury Collisions,2013,2013,05,May,Number,391.0
ROA17C3,All Fatal and Injury Collisions,2013,2013,06,June,Number,421.0
ROA17C3,All Fatal and Injury Collisions,2013,2013,07,July,Number,464.0
ROA17C3,All Fatal and Injury Collisions,2013,2013,08,August,Number,415.0
ROA17C3,All Fatal and Injury Collisions,2013,2013,09,September,Number,435.0
ROA17C3,All Fatal and Injury Collisions,2013,2013,10,October,Number,468.0
ROA17C3,All Fatal and Injury Collisions,2013,2013,11,November,Number,435.0
ROA17C3,All Fatal and Injury Collisions,2013,2013,12,December,Number,445.0
ROA17C3,All Fatal and Injury Collisions,2014,2014,-,All months,Number,5796.0
ROA17C3,All Fatal and Injury Collisions,2014,2014,01,January,Number,445.0
ROA17C3,All Fatal and Injury Collisions,2014,2014,02,February,Number,410.0
ROA17C3,All Fatal and Injury Collisions,2014,2014,03,March,Number,421.0
ROA17C3,All Fatal and Injury Collisions,2014,2014,04,April,Number,456.0
ROA17C3,All Fatal and Injury Collisions,2014,2014,05,May,Number,470.0
ROA17C3,All Fatal and Injury Collisions,2014,2014,06,June,Number,480.0
ROA17C3,All Fatal and Injury Collisions,2014,2014,07,July,Number,486.0
ROA17C3,All Fatal and Injury Collisions,2014,2014,08,August,Number,494.0
ROA17C3,All Fatal and Injury Collisions,2014,2014,09,September,Number,507.0
ROA17C3,All Fatal and Injury Collisions,2014,2014,10,October,Number,519.0
ROA17C3,All Fatal and Injury Collisions,2014,2014,11,November,Number,587.0
ROA17C3,All Fatal and Injury Collisions,2014,2014,12,December,Number,521.0
ROA17C3,All Fatal and Injury Collisions,2015,2015,-,All months,Number,5831.0
ROA17C3,All Fatal and Injury Collisions,2015,2015,01,January,Number,487.0
ROA17C3,All Fatal and Injury Collisions,2015,2015,02,February,Number,430.0
ROA17C3,All Fatal and Injury Collisions,2015,2015,03,March,Number,471.0
ROA17C3,All Fatal and Injury Collisions,2015,2015,04,April,Number,403.0
ROA17C3,All Fatal and Injury Collisions,2015,2015,05,May,Number,500.0
ROA17C3,All Fatal and Injury Collisions,2015,2015,06,June,Number,478.0
ROA17C3,All Fatal and Injury Collisions,2015,2015,07,July,Number,488.0
ROA17C3,All Fatal and Injury Collisions,2015,2015,08,August,Number,484.0
ROA17C3,All Fatal and Injury Collisions,2015,2015,09,September,Number,518.0
ROA17C3,All Fatal and Injury Collisions,2015,2015,10,October,Number,510.0
ROA17C3,All Fatal and Injury Collisions,2015,2015,11,November,Number,515.0
ROA17C3,All Fatal and Injury Collisions,2015,2015,12,December,Number,547.0
ROA17C3,All Fatal and Injury Collisions,2016,2016,-,All months,Number,5891.0
ROA17C3,All Fatal and Injury Collisions,2016,2016,01,January,Number,530.0
ROA17C3,All Fatal and Injury Collisions,2016,2016,02,February,Number,466.0
ROA17C3,All Fatal and Injury Collisions,2016,2016,03,March,Number,431.0
ROA17C3,All Fatal and Injury Collisions,2016,2016,04,April,Number,410.0
ROA17C3,All Fatal and Injury Collisions,2016,2016,05,May,Number,480.0
ROA17C3,All Fatal and Injury Collisions,2016,2016,06,June,Number,487.0
ROA17C3,All Fatal and Injury Collisions,2016,2016,07,July,Number,540.0
ROA17C3,All Fatal and Injury Collisions,2016,2016,08,August,Number,472.0
ROA17C3,All Fatal and Injury Collisions,2016,2016,09,September,Number,544.0
ROA17C3,All Fatal and Injury Collisions,2016,2016,10,October,Number,503.0
ROA17C3,All Fatal and Injury Collisions,2016,2016,11,November,Number,502.0
ROA17C3,All Fatal and Injury Collisions,2016,2016,12,December,Number,526.0
ROA17C3,All Fatal and Injury Collisions,2017,2017,-,All months,Number,6054.0
ROA17C3,All Fatal and Injury Collisions,2017,2017,01,January,Number,463.0
ROA17C3,All Fatal and Injury Collisions,2017,2017,02,February,Number,419.0
ROA17C3,All Fatal and Injury Collisions,2017,2017,03,March,Number,529.0
ROA17C3,All Fatal and Injury Collisions,2017,2017,04,April,Number,393.0
ROA17C3,All Fatal and Injury Collisions,2017,2017,05,May,Number,530.0
ROA17C3,All Fatal and Injury Collisions,2017,2017,06,June,Number,496.0
ROA17C3,All Fatal and Injury Collisions,2017,2017,07,July,Number,496.0
ROA17C3,All Fatal and Injury Collisions,2017,2017,08,August,Number,485.0
ROA17C3,All Fatal and Injury Collisions,2017,2017,09,September,Number,556.0
ROA17C3,All Fatal and Injury Collisions,2017,2017,10,October,Number,519.0
ROA17C3,All Fatal and Injury Collisions,2017,2017,11,November,Number,610.0
ROA17C3,All Fatal and Injury Collisions,2017,2017,12,December,Number,558.0
ROA17C3,All Fatal and Injury Collisions,2018,2018,-,All months,Number,6106.0
ROA17C3,All Fatal and Injury Collisions,2018,2018,01,January,Number,472.0
ROA17C3,All Fatal and Injury Collisions,2018,2018,02,February,Number,446.0
ROA17C3,All Fatal and Injury Collisions,2018,2018,03,March,Number,441.0
ROA17C3,All Fatal and Injury Collisions,2018,2018,04,April,Number,461.0
ROA17C3,All Fatal and Injury Collisions,2018,2018,05,May,Number,537.0
ROA17C3,All Fatal and Injury Collisions,2018,2018,06,June,Number,536.0
ROA17C3,All Fatal and Injury Collisions,2018,2018,07,July,Number,548.0
ROA17C3,All Fatal and Injury Collisions,2018,2018,08,August,Number,485.0
ROA17C3,All Fatal and Injury Collisions,2018,2018,09,September,Number,518.0
ROA17C3,All Fatal and Injury Collisions,2018,2018,10,October,Number,553.0
ROA17C3,All Fatal and Injury Collisions,2018,2018,11,November,Number,560.0
ROA17C3,All Fatal and Injury Collisions,2018,2018,12,December,Number,549.0
ROA17C3,All Fatal and Injury Collisions,2019,2019,-,All months,Number,5827.0
ROA17C3,All Fatal and Injury Collisions,2019,2019,01,January,Number,503.0
ROA17C3,All Fatal and Injury Collisions,2019,2019,02,February,Number,399.0
ROA17C3,All Fatal and Injury Collisions,2019,2019,03,March,Number,492.0
ROA17C3,All Fatal and Injury Collisions,2019,2019,04,April,Number,400.0
ROA17C3,All Fatal and Injury Collisions,2019,2019,05,May,Number,476.0
ROA17C3,All Fatal and Injury Collisions,2019,2019,06,June,Number,477.0
ROA17C3,All Fatal and Injury Collisions,2019,2019,07,July,Number,512.0
ROA17C3,All Fatal and Injury Collisions,2019,2019,08,August,Number,487.0
ROA17C3,All Fatal and Injury Collisions,2019,2019,09,September,Number,551.0
ROA17C3,All Fatal and Injury Collisions,2019,2019,10,October,Number,519.0
ROA17C3,All Fatal and Injury Collisions,2019,2019,11,November,Number,546.0
ROA17C3,All Fatal and Injury Collisions,2019,2019,12,December,Number,465.0
ROA17C3,All Fatal and Injury Collisions,2020,2020,-,All months,Number,4429.0
ROA17C3,All Fatal and Injury Collisions,2020,2020,01,January,Number,500.0
ROA17C3,All Fatal and Injury Collisions,2020,2020,02,February,Number,449.0
ROA17C3,All Fatal and Injury Collisions,2020,2020,03,March,Number,279.0
ROA17C3,All Fatal and Injury Collisions,2020,2020,04,April,Number,139.0
ROA17C3,All Fatal and Injury Collisions,2020,2020,05,May,Number,233.0
ROA17C3,All Fatal and Injury Collisions,2020,2020,06,June,Number,298.0
ROA17C3,All Fatal and Injury Collisions,2020,2020,07,July,Number,403.0
ROA17C3,All Fatal and Injury Collisions,2020,2020,08,August,Number,417.0
ROA17C3,All Fatal and Injury Collisions,2020,2020,09,September,Number,430.0
ROA17C3,All Fatal and Injury Collisions,2020,2020,10,October,Number,395.0
ROA17C3,All Fatal and Injury Collisions,2020,2020,11,November,Number,394.0
ROA17C3,All Fatal and Injury Collisions,2020,2020,12,December,Number,492.0
ROA17C3,All Fatal and Injury Collisions,2021,2021,-,All months,Number,4913.0
ROA17C3,All Fatal and Injury Collisions,2021,2021,01,January,Number,226.0
ROA17C3,All Fatal and Injury Collisions,2021,2021,02,February,Number,244.0
ROA17C3,All Fatal and Injury Collisions,2021,2021,03,March,Number,302.0
ROA17C3,All Fatal and Injury Collisions,2021,2021,04,April,Number,361.0
ROA17C3,All Fatal and Injury Collisions,2021,2021,05,May,Number,414.0
ROA17C3,All Fatal and Injury Collisions,2021,2021,06,June,Number,452.0
ROA17C3,All Fatal and Injury Collisions,2021,2021,07,July,Number,489.0
ROA17C3,All Fatal and Injury Collisions,2021,2021,08,August,Number,442.0
ROA17C3,All Fatal and Injury Collisions,2021,2021,09,September,Number,518.0
ROA17C3,All Fatal and Injury Collisions,2021,2021,10,October,Number,516.0
ROA17C3,All Fatal and Injury Collisions,2021,2021,11,November,Number,450.0
ROA17C3,All Fatal and Injury Collisions,2021,2021,12,December,Number,499.0
ROA17C3,All Fatal and Injury Collisions,2022,2022,-,All months,Number,5715.0
ROA17C3,All Fatal and Injury Collisions,2022,2022,01,January,Number,400.0
ROA17C3,All Fatal and Injury Collisions,2022,2022,02,February,Number,422.0
ROA17C3,All Fatal and Injury Collisions,2022,2022,03,March,Number,484.0
ROA17C3,All Fatal and Injury Collisions,2022,2022,04,April,Number,438.0
ROA17C3,All Fatal and Injury Collisions,2022,2022,05,May,Number,503.0
ROA17C3,All Fatal and Injury Collisions,2022,2022,06,June,Number,470.0
ROA17C3,All Fatal and Injury Collisions,2022,2022,07,July,Number,472.0
ROA17C3,All Fatal and Injury Collisions,2022,2022,08,August,Number,512.0
ROA17C3,All Fatal and Injury Collisions,2022,2022,09,September,Number,506.0
ROA17C3,All Fatal and Injury Collisions,2022,2022,10,October,Number,523.0
ROA17C3,All Fatal and Injury Collisions,2022,2022,11,November,Number,553.0
ROA17C3,All Fatal and Injury Collisions,2022,2022,12,December,Number,432.0
ROA17C3,All Fatal and Injury Collisions,2023,2023,-,All months,Number,5526.0
ROA17C3,All Fatal and Injury Collisions,2023,2023,01,January,Number,435.0
ROA17C3,All Fatal and Injury Collisions,2023,2023,02,February,Number,384.0
ROA17C3,All Fatal and Injury Collisions,2023,2023,03,March,Number,454.0
ROA17C3,All Fatal and Injury Collisions,2023,2023,04,April,Number,415.0
ROA17C3,All Fatal and Injury Collisions,2023,2023,05,May,Number,518.0
ROA17C3,All Fatal and Injury Collisions,2023,2023,06,June,Number,478.0
ROA17C3,All Fatal and Injury Collisions,2023,2023,07,July,Number,472.0
ROA17C3,All Fatal and Injury Collisions,2023,2023,08,August,Number,467.0
ROA17C3,All Fatal and Injury Collisions,2023,2023,09,September,Number,479.0
ROA17C3,All Fatal and Injury Collisions,2023,2023,10,October,Number,482.0
ROA17C3,All Fatal and Injury Collisions,2023,2023,11,November,Number,479.0
ROA17C3,All Fatal and Injury Collisions,2023,2023,12,December,Number,463.0
ROA17C4,Killed Casualties,2005,2005,-,All months,Number,396.0
ROA17C4,Killed Casualties,2005,2005,01,January,Number,33.0
ROA17C4,Killed Casualties,2005,2005,02,February,Number,37.0
ROA17C4,Killed Casualties,2005,2005,03,March,Number,26.0
ROA17C4,Killed Casualties,2005,2005,04,April,Number,23.0
ROA17C4,Killed Casualties,2005,2005,05,May,Number,41.0
ROA17C4,Killed Casualties,2005,2005,06,June,Number,22.0
ROA17C4,Killed Casualties,2005,2005,07,July,Number,41.0
ROA17C4,Killed Casualties,2005,2005,08,August,Number,24.0
ROA17C4,Killed Casualties,2005,2005,09,September,Number,31.0
ROA17C4,Killed Casualties,2005,2005,10,October,Number,44.0
ROA17C4,Killed Casualties,2005,2005,11,November,Number,34.0
ROA17C4,Killed Casualties,2005,2005,12,December,Number,40.0
ROA17C4,Killed Casualties,2006,2006,-,All months,Number,365.0
ROA17C4,Killed Casualties,2006,2006,01,January,Number,40.0
ROA17C4,Killed Casualties,2006,2006,02,February,Number,31.0
ROA17C4,Killed Casualties,2006,2006,03,March,Number,27.0
ROA17C4,Killed Casualties,2006,2006,04,April,Number,37.0
ROA17C4,Killed Casualties,2006,2006,05,May,Number,30.0
ROA17C4,Killed Casualties,2006,2006,06,June,Number,32.0
ROA17C4,Killed Casualties,2006,2006,07,July,Number,38.0
ROA17C4,Killed Casualties,2006,2006,08,August,Number,17.0
ROA17C4,Killed Casualties,2006,2006,09,September,Number,23.0
ROA17C4,Killed Casualties,2006,2006,10,October,Number,32.0
ROA17C4,Killed Casualties,2006,2006,11,November,Number,27.0
ROA17C4,Killed Casualties,2006,2006,12,December,Number,31.0
ROA17C4,Killed Casualties,2007,2007,-,All months,Number,338.0
ROA17C4,Killed Casualties,2007,2007,01,January,Number,22.0
ROA17C4,Killed Casualties,2007,2007,02,February,Number,25.0
ROA17C4,Killed Casualties,2007,2007,03,March,Number,34.0
ROA17C4,Killed Casualties,2007,2007,04,April,Number,30.0
ROA17C4,Killed Casualties,2007,2007,05,May,Number,24.0
ROA17C4,Killed Casualties,2007,2007,06,June,Number,29.0
ROA17C4,Killed Casualties,2007,2007,07,July,Number,31.0
ROA17C4,Killed Casualties,2007,2007,08,August,Number,28.0
ROA17C4,Killed Casualties,2007,2007,09,September,Number,28.0
ROA17C4,Killed Casualties,2007,2007,10,October,Number,26.0
ROA17C4,Killed Casualties,2007,2007,11,November,Number,23.0
ROA17C4,Killed Casualties,2007,2007,12,December,Number,38.0
ROA17C4,Killed Casualties,2008,2008,-,All months,Number,279.0
ROA17C4,Killed Casualties,2008,2008,01,January,Number,25.0
ROA17C4,Killed Casualties,2008,2008,02,February,Number,32.0
ROA17C4,Killed Casualties,2008,2008,03,March,Number,20.0
ROA17C4,Killed Casualties,2008,2008,04,April,Number,19.0
ROA17C4,Killed Casualties,2008,2008,05,May,Number,19.0
ROA17C4,Killed Casualties,2008,2008,06,June,Number,28.0
ROA17C4,Killed Casualties,2008,2008,07,July,Number,26.0
ROA17C4,Killed Casualties,2008,2008,08,August,Number,28.0
ROA17C4,Killed Casualties,2008,2008,09,September,Number,19.0
ROA17C4,Killed Casualties,2008,2008,10,October,Number,22.0
ROA17C4,Killed Casualties,2008,2008,11,November,Number,22.0
ROA17C4,Killed Casualties,2008,2008,12,December,Number,19.0
ROA17C4,Killed Casualties,2009,2009,-,All months,Number,238.0
ROA17C4,Killed Casualties,2009,2009,01,January,Number,18.0
ROA17C4,Killed Casualties,2009,2009,02,February,Number,15.0
ROA17C4,Killed Casualties,2009,2009,03,March,Number,24.0
ROA17C4,Killed Casualties,2009,2009,04,April,Number,20.0
ROA17C4,Killed Casualties,2009,2009,05,May,Number,28.0
ROA17C4,Killed Casualties,2009,2009,06,June,Number,15.0
ROA17C4,Killed Casualties,2009,2009,07,July,Number,19.0
ROA17C4,Killed Casualties,2009,2009,08,August,Number,20.0
ROA17C4,Killed Casualties,2009,2009,09,September,Number,14.0
ROA17C4,Killed Casualties,2009,2009,10,October,Number,22.0
ROA17C4,Killed Casualties,2009,2009,11,November,Number,25.0
ROA17C4,Killed Casualties,2009,2009,12,December,Number,18.0
ROA17C4,Killed Casualties,2010,2010,-,All months,Number,212.0
ROA17C4,Killed Casualties,2010,2010,01,January,Number,15.0
ROA17C4,Killed Casualties,2010,2010,02,February,Number,14.0
ROA17C4,Killed Casualties,2010,2010,03,March,Number,12.0
ROA17C4,Killed Casualties,2010,2010,04,April,Number,19.0
ROA17C4,Killed Casualties,2010,2010,05,May,Number,28.0
ROA17C4,Killed Casualties,2010,2010,06,June,Number,11.0
ROA17C4,Killed Casualties,2010,2010,07,July,Number,21.0
ROA17C4,Killed Casualties,2010,2010,08,August,Number,19.0
ROA17C4,Killed Casualties,2010,2010,09,September,Number,13.0
ROA17C4,Killed Casualties,2010,2010,10,October,Number,36.0
ROA17C4,Killed Casualties,2010,2010,11,November,Number,14.0
ROA17C4,Killed Casualties,2010,2010,12,December,Number,10.0
ROA17C4,Killed Casualties,2011,2011,-,All months,Number,186.0
ROA17C4,Killed Casualties,2011,2011,01,January,Number,21.0
ROA17C4,Killed Casualties,2011,2011,02,February,Number,18.0
ROA17C4,Killed Casualties,2011,2011,03,March,Number,15.0
ROA17C4,Killed Casualties,2011,2011,04,April,Number,8.0
ROA17C4,Killed Casualties,2011,2011,05,May,Number,11.0
ROA17C4,Killed Casualties,2011,2011,06,June,Number,15.0
ROA17C4,Killed Casualties,2011,2011,07,July,Number,18.0
ROA17C4,Killed Casualties,2011,2011,08,August,Number,16.0
ROA17C4,Killed Casualties,2011,2011,09,September,Number,13.0
ROA17C4,Killed Casualties,2011,2011,10,October,Number,15.0
ROA17C4,Killed Casualties,2011,2011,11,November,Number,18.0
ROA17C4,Killed Casualties,2011,2011,12,December,Number,18.0
ROA17C4,Killed Casualties,2012,2012,-,All months,Number,162.0
ROA17C4,Killed Casualties,2012,2012,01,January,Number,10.0
ROA17C4,Killed Casualties,2012,2012,02,February,Number,13.0
ROA17C4,Killed Casualties,2012,2012,03,March,Number,12.0
ROA17C4,Killed Casualties,2012,2012,04,April,Number,16.0
ROA17C4,Killed Casualties,2012,2012,05,May,Number,13.0
ROA17C4,Killed Casualties,2012,2012,06,June,Number,26.0
ROA17C4,Killed Casualties,2012,2012,07,July,Number,15.0
ROA17C4,Killed Casualties,2012,2012,08,August,Number,12.0
ROA17C4,Killed Casualties,2012,2012,09,September,Number,10.0
ROA17C4,Killed Casualties,2012,2012,10,October,Number,15.0
ROA17C4,Killed Casualties,2012,2012,11,November,Number,8.0
ROA17C4,Killed Casualties,2012,2012,12,December,Number,12.0
ROA17C4,Killed Casualties,2013,2013,-,All months,Number,188.0
ROA17C4,Killed Casualties,2013,2013,01,January,Number,19.0
ROA17C4,Killed Casualties,2013,2013,02,February,Number,14.0
ROA17C4,Killed Casualties,2013,2013,03,March,Number,15.0
ROA17C4,Killed Casualties,2013,2013,04,April,Number,12.0
ROA17C4,Killed Casualties,2013,2013,05,May,Number,17.0
ROA17C4,Killed Casualties,2013,2013,06,June,Number,13.0
ROA17C4,Killed Casualties,2013,2013,07,July,Number,18.0
ROA17C4,Killed Casualties,2013,2013,08,August,Number,19.0
ROA17C4,Killed Casualties,2013,2013,09,September,Number,17.0
ROA17C4,Killed Casualties,2013,2013,10,October,Number,13.0
ROA17C4,Killed Casualties,2013,2013,11,November,Number,15.0
ROA17C4,Killed Casualties,2013,2013,12,December,Number,16.0
ROA17C4,Killed Casualties,2014,2014,-,All months,Number,192.0
ROA17C4,Killed Casualties,2014,2014,01,January,Number,16.0
ROA17C4,Killed Casualties,2014,2014,02,February,Number,13.0
ROA17C4,Killed Casualties,2014,2014,03,March,Number,15.0
ROA17C4,Killed Casualties,2014,2014,04,April,Number,14.0
ROA17C4,Killed Casualties,2014,2014,05,May,Number,18.0
ROA17C4,Killed Casualties,2014,2014,06,June,Number,18.0
ROA17C4,Killed Casualties,2014,2014,07,July,Number,18.0
ROA17C4,Killed Casualties,2014,2014,08,August,Number,15.0
ROA17C4,Killed Casualties,2014,2014,09,September,Number,11.0
ROA17C4,Killed Casualties,2014,2014,10,October,Number,17.0
ROA17C4,Killed Casualties,2014,2014,11,November,Number,20.0
ROA17C4,Killed Casualties,2014,2014,12,December,Number,17.0
ROA17C4,Killed Casualties,2015,2015,-,All months,Number,162.0
ROA17C4,Killed Casualties,2015,2015,01,January,Number,12.0
ROA17C4,Killed Casualties,2015,2015,02,February,Number,13.0
ROA17C4,Killed Casualties,2015,2015,03,March,Number,11.0
ROA17C4,Killed Casualties,2015,2015,04,April,Number,7.0
ROA17C4,Killed Casualties,2015,2015,05,May,Number,12.0
ROA17C4,Killed Casualties,2015,2015,06,June,Number,13.0
ROA17C4,Killed Casualties,2015,2015,07,July,Number,19.0
ROA17C4,Killed Casualties,2015,2015,08,August,Number,14.0
ROA17C4,Killed Casualties,2015,2015,09,September,Number,16.0
ROA17C4,Killed Casualties,2015,2015,10,October,Number,11.0
ROA17C4,Killed Casualties,2015,2015,11,November,Number,14.0
ROA17C4,Killed Casualties,2015,2015,12,December,Number,20.0
ROA17C4,Killed Casualties,2016,2016,-,All months,Number,186.0
ROA17C4,Killed Casualties,2016,2016,01,January,Number,15.0
ROA17C4,Killed Casualties,2016,2016,02,February,Number,10.0
ROA17C4,Killed Casualties,2016,2016,03,March,Number,17.0
ROA17C4,Killed Casualties,2016,2016,04,April,Number,14.0
ROA17C4,Killed Casualties,2016,2016,05,May,Number,20.0
ROA17C4,Killed Casualties,2016,2016,06,June,Number,12.0
ROA17C4,Killed Casualties,2016,2016,07,July,Number,21.0
ROA17C4,Killed Casualties,2016,2016,08,August,Number,13.0
ROA17C4,Killed Casualties,2016,2016,09,September,Number,18.0
ROA17C4,Killed Casualties,2016,2016,10,October,Number,20.0
ROA17C4,Killed Casualties,2016,2016,11,November,Number,9.0
ROA17C4,Killed Casualties,2016,2016,12,December,Number,17.0
ROA17C4,Killed Casualties,2017,2017,-,All months,Number,156.0
ROA17C4,Killed Casualties,2017,2017,01,January,Number,16.0
ROA17C4,Killed Casualties,2017,2017,02,February,Number,11.0
ROA17C4,Killed Casualties,2017,2017,03,March,Number,20.0
ROA17C4,Killed Casualties,2017,2017,04,April,Number,7.0
ROA17C4,Killed Casualties,2017,2017,05,May,Number,8.0
ROA17C4,Killed Casualties,2017,2017,06,June,Number,14.0
ROA17C4,Killed Casualties,2017,2017,07,July,Number,16.0
ROA17C4,Killed Casualties,2017,2017,08,August,Number,10.0
ROA17C4,Killed Casualties,2017,2017,09,September,Number,13.0
ROA17C4,Killed Casualties,2017,2017,10,October,Number,11.0
ROA17C4,Killed Casualties,2017,2017,11,November,Number,14.0
ROA17C4,Killed Casualties,2017,2017,12,December,Number,16.0
ROA17C4,Killed Casualties,2018,2018,-,All months,Number,139.0
ROA17C4,Killed Casualties,2018,2018,01,January,Number,12.0
ROA17C4,Killed Casualties,2018,2018,02,February,Number,10.0
ROA17C4,Killed Casualties,2018,2018,03,March,Number,14.0
ROA17C4,Killed Casualties,2018,2018,04,April,Number,17.0
ROA17C4,Killed Casualties,2018,2018,05,May,Number,4.0
ROA17C4,Killed Casualties,2018,2018,06,June,Number,16.0
ROA17C4,Killed Casualties,2018,2018,07,July,Number,8.0
ROA17C4,Killed Casualties,2018,2018,08,August,Number,12.0
ROA17C4,Killed Casualties,2018,2018,09,September,Number,10.0
ROA17C4,Killed Casualties,2018,2018,10,October,Number,9.0
ROA17C4,Killed Casualties,2018,2018,11,November,Number,12.0
ROA17C4,Killed Casualties,2018,2018,12,December,Number,15.0
ROA17C4,Killed Casualties,2019,2019,-,All months,Number,140.0
ROA17C4,Killed Casualties,2019,2019,01,January,Number,14.0
ROA17C4,Killed Casualties,2019,2019,02,February,Number,14.0
ROA17C4,Killed Casualties,2019,2019,03,March,Number,11.0
ROA17C4,Killed Casualties,2019,2019,04,April,Number,9.0
ROA17C4,Killed Casualties,2019,2019,05,May,Number,11.0
ROA17C4,Killed Casualties,2019,2019,06,June,Number,11.0
ROA17C4,Killed Casualties,2019,2019,07,July,Number,8.0
ROA17C4,Killed Casualties,2019,2019,08,August,Number,8.0
ROA17C4,Killed Casualties,2019,2019,09,September,Number,18.0
ROA17C4,Killed Casualties,2019,2019,10,October,Number,10.0
ROA17C4,Killed Casualties,2019,2019,11,November,Number,11.0
ROA17C4,Killed Casualties,2019,2019,12,December,Number,15.0
ROA17C4,Killed Casualties,2020,2020,-,All months,Number,147.0
ROA17C4,Killed Casualties,2020,2020,01,January,Number,9.0
ROA17C4,Killed Casualties,2020,2020,02,February,Number,19.0
ROA17C4,Killed Casualties,2020,2020,03,March,Number,18.0
ROA17C4,Killed Casualties,2020,2020,04,April,Number,7.0
ROA17C4,Killed Casualties,2020,2020,05,May,Number,6.0
ROA17C4,Killed Casualties,2020,2020,06,June,Number,12.0
ROA17C4,Killed Casualties,2020,2020,07,July,Number,10.0
ROA17C4,Killed Casualties,2020,2020,08,August,Number,16.0
ROA17C4,Killed Casualties,2020,2020,09,September,Number,18.0
ROA17C4,Killed Casualties,2020,2020,10,October,Number,13.0
ROA17C4,Killed Casualties,2020,2020,11,November,Number,11.0
ROA17C4,Killed Casualties,2020,2020,12,December,Number,8.0
ROA17C4,Killed Casualties,2021,2021,-,All months,Number,136.0
ROA17C4,Killed Casualties,2021,2021,01,January,Number,4.0
ROA17C4,Killed Casualties,2021,2021,02,February,Number,5.0
ROA17C4,Killed Casualties,2021,2021,03,March,Number,10.0
ROA17C4,Killed Casualties,2021,2021,04,April,Number,18.0
ROA17C4,Killed Casualties,2021,2021,05,May,Number,7.0
ROA17C4,Killed Casualties,2021,2021,06,June,Number,9.0
ROA17C4,Killed Casualties,2021,2021,07,July,Number,17.0
ROA17C4,Killed Casualties,2021,2021,08,August,Number,21.0
ROA17C4,Killed Casualties,2021,2021,09,September,Number,11.0
ROA17C4,Killed Casualties,2021,2021,10,October,Number,12.0
ROA17C4,Killed Casualties,2021,2021,11,November,Number,3.0
ROA17C4,Killed Casualties,2021,2021,12,December,Number,19.0
ROA17C4,Killed Casualties,2022,2022,-,All months,Number,153.0
ROA17C4,Killed Casualties,2022,2022,01,January,Number,13.0
ROA17C4,Killed Casualties,2022,2022,02,February,Number,13.0
ROA17C4,Killed Casualties,2022,2022,03,March,Number,16.0
ROA17C4,Killed Casualties,2022,2022,04,April,Number,9.0
ROA17C4,Killed Casualties,2022,2022,05,May,Number,12.0
ROA17C4,Killed Casualties,2022,2022,06,June,Number,13.0
ROA17C4,Killed Casualties,2022,2022,07,July,Number,12.0
ROA17C4,Killed Casualties,2022,2022,08,August,Number,12.0
ROA17C4,Killed Casualties,2022,2022,09,September,Number,9.0
ROA17C4,Killed Casualties,2022,2022,10,October,Number,12.0
ROA17C4,Killed Casualties,2022,2022,11,November,Number,17.0
ROA17C4,Killed Casualties,2022,2022,12,December,Number,15.0
ROA17C4,Killed Casualties,2023,2023,-,All months,Number,179.0
ROA17C4,Killed Casualties,2023,2023,01,January,Number,16.0
ROA17C4,Killed Casualties,2023,2023,02,February,Number,13.0
ROA17C4,Killed Casualties,2023,2023,03,March,Number,11.0
ROA17C4,Killed Casualties,2023,2023,04,April,Number,10.0
ROA17C4,Killed Casualties,2023,2023,05,May,Number,20.0
ROA17C4,Killed Casualties,2023,2023,06,June,Number,10.0
ROA17C4,Killed Casualties,2023,2023,07,July,Number,16.0
ROA17C4,Killed Casualties,2023,2023,08,August,Number,26.0
ROA17C4,Killed Casualties,2023,2023,09,September,Number,9.0
ROA17C4,Killed Casualties,2023,2023,10,October,Number,22.0
ROA17C4,Killed Casualties,2023,2023,11,November,Number,13.0
ROA17C4,Killed Casualties,2023,2023,12,December,Number,13.0
ROA17C5,Injured Casualties,2005,2005,-,All months,Number,9318.0
ROA17C5,Injured Casualties,2005,2005,01,January,Number,683.0
ROA17C5,Injured Casualties,2005,2005,02,February,Number,591.0
ROA17C5,Injured Casualties,2005,2005,03,March,Number,718.0
ROA17C5,Injured Casualties,2005,2005,04,April,Number,726.0
ROA17C5,Injured Casualties,2005,2005,05,May,Number,800.0
ROA17C5,Injured Casualties,2005,2005,06,June,Number,752.0
ROA17C5,Injured Casualties,2005,2005,07,July,Number,886.0
ROA17C5,Injured Casualties,2005,2005,08,August,Number,876.0
ROA17C5,Injured Casualties,2005,2005,09,September,Number,826.0
ROA17C5,Injured Casualties,2005,2005,10,October,Number,892.0
ROA17C5,Injured Casualties,2005,2005,11,November,Number,826.0
ROA17C5,Injured Casualties,2005,2005,12,December,Number,742.0
ROA17C5,Injured Casualties,2006,2006,-,All months,Number,8575.0
ROA17C5,Injured Casualties,2006,2006,01,January,Number,723.0
ROA17C5,Injured Casualties,2006,2006,02,February,Number,547.0
ROA17C5,Injured Casualties,2006,2006,03,March,Number,633.0
ROA17C5,Injured Casualties,2006,2006,04,April,Number,602.0
ROA17C5,Injured Casualties,2006,2006,05,May,Number,709.0
ROA17C5,Injured Casualties,2006,2006,06,June,Number,674.0
ROA17C5,Injured Casualties,2006,2006,07,July,Number,762.0
ROA17C5,Injured Casualties,2006,2006,08,August,Number,767.0
ROA17C5,Injured Casualties,2006,2006,09,September,Number,746.0
ROA17C5,Injured Casualties,2006,2006,10,October,Number,797.0
ROA17C5,Injured Casualties,2006,2006,11,November,Number,750.0
ROA17C5,Injured Casualties,2006,2006,12,December,Number,865.0
ROA17C5,Injured Casualties,2007,2007,-,All months,Number,7806.0
ROA17C5,Injured Casualties,2007,2007,01,January,Number,639.0
ROA17C5,Injured Casualties,2007,2007,02,February,Number,564.0
ROA17C5,Injured Casualties,2007,2007,03,March,Number,666.0
ROA17C5,Injured Casualties,2007,2007,04,April,Number,565.0
ROA17C5,Injured Casualties,2007,2007,05,May,Number,625.0
ROA17C5,Injured Casualties,2007,2007,06,June,Number,693.0
ROA17C5,Injured Casualties,2007,2007,07,July,Number,721.0
ROA17C5,Injured Casualties,2007,2007,08,August,Number,741.0
ROA17C5,Injured Casualties,2007,2007,09,September,Number,657.0
ROA17C5,Injured Casualties,2007,2007,10,October,Number,654.0
ROA17C5,Injured Casualties,2007,2007,11,November,Number,661.0
ROA17C5,Injured Casualties,2007,2007,12,December,Number,620.0
ROA17C5,Injured Casualties,2008,2008,-,All months,Number,9758.0
ROA17C5,Injured Casualties,2008,2008,01,January,Number,818.0
ROA17C5,Injured Casualties,2008,2008,02,February,Number,845.0
ROA17C5,Injured Casualties,2008,2008,03,March,Number,808.0
ROA17C5,Injured Casualties,2008,2008,04,April,Number,783.0
ROA17C5,Injured Casualties,2008,2008,05,May,Number,919.0
ROA17C5,Injured Casualties,2008,2008,06,June,Number,794.0
ROA17C5,Injured Casualties,2008,2008,07,July,Number,770.0
ROA17C5,Injured Casualties,2008,2008,08,August,Number,757.0
ROA17C5,Injured Casualties,2008,2008,09,September,Number,778.0
ROA17C5,Injured Casualties,2008,2008,10,October,Number,815.0
ROA17C5,Injured Casualties,2008,2008,11,November,Number,833.0
ROA17C5,Injured Casualties,2008,2008,12,December,Number,838.0
ROA17C5,Injured Casualties,2009,2009,-,All months,Number,9742.0
ROA17C5,Injured Casualties,2009,2009,01,January,Number,812.0
ROA17C5,Injured Casualties,2009,2009,02,February,Number,588.0
ROA17C5,Injured Casualties,2009,2009,03,March,Number,755.0
ROA17C5,Injured Casualties,2009,2009,04,April,Number,809.0
ROA17C5,Injured Casualties,2009,2009,05,May,Number,827.0
ROA17C5,Injured Casualties,2009,2009,06,June,Number,763.0
ROA17C5,Injured Casualties,2009,2009,07,July,Number,976.0
ROA17C5,Injured Casualties,2009,2009,08,August,Number,879.0
ROA17C5,Injured Casualties,2009,2009,09,September,Number,812.0
ROA17C5,Injured Casualties,2009,2009,10,October,Number,856.0
ROA17C5,Injured Casualties,2009,2009,11,November,Number,878.0
ROA17C5,Injured Casualties,2009,2009,12,December,Number,787.0
ROA17C5,Injured Casualties,2010,2010,-,All months,Number,8270.0
ROA17C5,Injured Casualties,2010,2010,01,January,Number,571.0
ROA17C5,Injured Casualties,2010,2010,02,February,Number,622.0
ROA17C5,Injured Casualties,2010,2010,03,March,Number,686.0
ROA17C5,Injured Casualties,2010,2010,04,April,Number,687.0
ROA17C5,Injured Casualties,2010,2010,05,May,Number,755.0
ROA17C5,Injured Casualties,2010,2010,06,June,Number,669.0
ROA17C5,Injured Casualties,2010,2010,07,July,Number,755.0
ROA17C5,Injured Casualties,2010,2010,08,August,Number,747.0
ROA17C5,Injured Casualties,2010,2010,09,September,Number,801.0
ROA17C5,Injured Casualties,2010,2010,10,October,Number,853.0
ROA17C5,Injured Casualties,2010,2010,11,November,Number,717.0
ROA17C5,Injured Casualties,2010,2010,12,December,Number,407.0
ROA17C5,Injured Casualties,2011,2011,-,All months,Number,7235.0
ROA17C5,Injured Casualties,2011,2011,01,January,Number,548.0
ROA17C5,Injured Casualties,2011,2011,02,February,Number,540.0
ROA17C5,Injured Casualties,2011,2011,03,March,Number,563.0
ROA17C5,Injured Casualties,2011,2011,04,April,Number,547.0
ROA17C5,Injured Casualties,2011,2011,05,May,Number,527.0
ROA17C5,Injured Casualties,2011,2011,06,June,Number,646.0
ROA17C5,Injured Casualties,2011,2011,07,July,Number,686.0
ROA17C5,Injured Casualties,2011,2011,08,August,Number,684.0
ROA17C5,Injured Casualties,2011,2011,09,September,Number,639.0
ROA17C5,Injured Casualties,2011,2011,10,October,Number,659.0
ROA17C5,Injured Casualties,2011,2011,11,November,Number,655.0
ROA17C5,Injured Casualties,2011,2011,12,December,Number,541.0
ROA17C5,Injured Casualties,2012,2012,-,All months,Number,7942.0
ROA17C5,Injured Casualties,2012,2012,01,January,Number,642.0
ROA17C5,Injured Casualties,2012,2012,02,February,Number,596.0
ROA17C5,Injured Casualties,2012,2012,03,March,Number,707.0
ROA17C5,Injured Casualties,2012,2012,04,April,Number,694.0
ROA17C5,Injured Casualties,2012,2012,05,May,Number,630.0
ROA17C5,Injured Casualties,2012,2012,06,June,Number,682.0
ROA17C5,Injured Casualties,2012,2012,07,July,Number,679.0
ROA17C5,Injured Casualties,2012,2012,08,August,Number,670.0
ROA17C5,Injured Casualties,2012,2012,09,September,Number,639.0
ROA17C5,Injured Casualties,2012,2012,10,October,Number,718.0
ROA17C5,Injured Casualties,2012,2012,11,November,Number,670.0
ROA17C5,Injured Casualties,2012,2012,12,December,Number,615.0
ROA17C5,Injured Casualties,2013,2013,-,All months,Number,6880.0
ROA17C5,Injured Casualties,2013,2013,01,January,Number,623.0
ROA17C5,Injured Casualties,2013,2013,02,February,Number,491.0
ROA17C5,Injured Casualties,2013,2013,03,March,Number,523.0
ROA17C5,Injured Casualties,2013,2013,04,April,Number,452.0
ROA17C5,Injured Casualties,2013,2013,05,May,Number,533.0
ROA17C5,Injured Casualties,2013,2013,06,June,Number,587.0
ROA17C5,Injured Casualties,2013,2013,07,July,Number,677.0
ROA17C5,Injured Casualties,2013,2013,08,August,Number,600.0
ROA17C5,Injured Casualties,2013,2013,09,September,Number,601.0
ROA17C5,Injured Casualties,2013,2013,10,October,Number,635.0
ROA17C5,Injured Casualties,2013,2013,11,November,Number,560.0
ROA17C5,Injured Casualties,2013,2013,12,December,Number,598.0
ROA17C5,Injured Casualties,2014,2014,-,All months,Number,8079.0
ROA17C5,Injured Casualties,2014,2014,01,January,Number,636.0
ROA17C5,Injured Casualties,2014,2014,02,February,Number,577.0
ROA17C5,Injured Casualties,2014,2014,03,March,Number,575.0
ROA17C5,Injured Casualties,2014,2014,04,April,Number,642.0
ROA17C5,Injured Casualties,2014,2014,05,May,Number,653.0
ROA17C5,Injured Casualties,2014,2014,06,June,Number,680.0
ROA17C5,Injured Casualties,2014,2014,07,July,Number,685.0
ROA17C5,Injured Casualties,2014,2014,08,August,Number,741.0
ROA17C5,Injured Casualties,2014,2014,09,September,Number,681.0
ROA17C5,Injured Casualties,2014,2014,10,October,Number,726.0
ROA17C5,Injured Casualties,2014,2014,11,November,Number,791.0
ROA17C5,Injured Casualties,2014,2014,12,December,Number,692.0
ROA17C5,Injured Casualties,2015,2015,-,All months,Number,7840.0
ROA17C5,Injured Casualties,2015,2015,01,January,Number,678.0
ROA17C5,Injured Casualties,2015,2015,02,February,Number,556.0
ROA17C5,Injured Casualties,2015,2015,03,March,Number,643.0
ROA17C5,Injured Casualties,2015,2015,04,April,Number,535.0
ROA17C5,Injured Casualties,2015,2015,05,May,Number,690.0
ROA17C5,Injured Casualties,2015,2015,06,June,Number,646.0
ROA17C5,Injured Casualties,2015,2015,07,July,Number,667.0
ROA17C5,Injured Casualties,2015,2015,08,August,Number,676.0
ROA17C5,Injured Casualties,2015,2015,09,September,Number,689.0
ROA17C5,Injured Casualties,2015,2015,10,October,Number,665.0
ROA17C5,Injured Casualties,2015,2015,11,November,Number,668.0
ROA17C5,Injured Casualties,2015,2015,12,December,Number,727.0
ROA17C5,Injured Casualties,2016,2016,-,All months,Number,7710.0
ROA17C5,Injured Casualties,2016,2016,01,January,Number,696.0
ROA17C5,Injured Casualties,2016,2016,02,February,Number,610.0
ROA17C5,Injured Casualties,2016,2016,03,March,Number,597.0
ROA17C5,Injured Casualties,2016,2016,04,April,Number,530.0
ROA17C5,Injured Casualties,2016,2016,05,May,Number,622.0
ROA17C5,Injured Casualties,2016,2016,06,June,Number,642.0
ROA17C5,Injured Casualties,2016,2016,07,July,Number,722.0
ROA17C5,Injured Casualties,2016,2016,08,August,Number,626.0
ROA17C5,Injured Casualties,2016,2016,09,September,Number,720.0
ROA17C5,Injured Casualties,2016,2016,10,October,Number,618.0
ROA17C5,Injured Casualties,2016,2016,11,November,Number,650.0
ROA17C5,Injured Casualties,2016,2016,12,December,Number,677.0
ROA17C5,Injured Casualties,2017,2017,-,All months,Number,7778.0
ROA17C5,Injured Casualties,2017,2017,01,January,Number,576.0
ROA17C5,Injured Casualties,2017,2017,02,February,Number,522.0
ROA17C5,Injured Casualties,2017,2017,03,March,Number,672.0
ROA17C5,Injured Casualties,2017,2017,04,April,Number,536.0
ROA17C5,Injured Casualties,2017,2017,05,May,Number,704.0
ROA17C5,Injured Casualties,2017,2017,06,June,Number,623.0
ROA17C5,Injured Casualties,2017,2017,07,July,Number,655.0
ROA17C5,Injured Casualties,2017,2017,08,August,Number,635.0
ROA17C5,Injured Casualties,2017,2017,09,September,Number,698.0
ROA17C5,Injured Casualties,2017,2017,10,October,Number,636.0
ROA17C5,Injured Casualties,2017,2017,11,November,Number,805.0
ROA17C5,Injured Casualties,2017,2017,12,December,Number,716.0
ROA17C5,Injured Casualties,2018,2018,-,All months,Number,8011.0
ROA17C5,Injured Casualties,2018,2018,01,January,Number,598.0
ROA17C5,Injured Casualties,2018,2018,02,February,Number,575.0
ROA17C5,Injured Casualties,2018,2018,03,March,Number,595.0
ROA17C5,Injured Casualties,2018,2018,04,April,Number,602.0
ROA17C5,Injured Casualties,2018,2018,05,May,Number,733.0
ROA17C5,Injured Casualties,2018,2018,06,June,Number,706.0
ROA17C5,Injured Casualties,2018,2018,07,July,Number,730.0
ROA17C5,Injured Casualties,2018,2018,08,August,Number,634.0
ROA17C5,Injured Casualties,2018,2018,09,September,Number,685.0
ROA17C5,Injured Casualties,2018,2018,10,October,Number,723.0
ROA17C5,Injured Casualties,2018,2018,11,November,Number,725.0
ROA17C5,Injured Casualties,2018,2018,12,December,Number,705.0
ROA17C5,Injured Casualties,2019,2019,-,All months,Number,7579.0
ROA17C5,Injured Casualties,2019,2019,01,January,Number,625.0
ROA17C5,Injured Casualties,2019,2019,02,February,Number,506.0
ROA17C5,Injured Casualties,2019,2019,03,March,Number,644.0
ROA17C5,Injured Casualties,2019,2019,04,April,Number,526.0
ROA17C5,Injured Casualties,2019,2019,05,May,Number,616.0
ROA17C5,Injured Casualties,2019,2019,06,June,Number,647.0
ROA17C5,Injured Casualties,2019,2019,07,July,Number,680.0
ROA17C5,Injured Casualties,2019,2019,08,August,Number,653.0
ROA17C5,Injured Casualties,2019,2019,09,September,Number,719.0
ROA17C5,Injured Casualties,2019,2019,10,October,Number,679.0
ROA17C5,Injured Casualties,2019,2019,11,November,Number,691.0
ROA17C5,Injured Casualties,2019,2019,12,December,Number,593.0
ROA17C5,Injured Casualties,2020,2020,-,All months,Number,5596.0
ROA17C5,Injured Casualties,2020,2020,01,January,Number,659.0
ROA17C5,Injured Casualties,2020,2020,02,February,Number,554.0
ROA17C5,Injured Casualties,2020,2020,03,March,Number,345.0
ROA17C5,Injured Casualties,2020,2020,04,April,Number,159.0
ROA17C5,Injured Casualties,2020,2020,05,May,Number,276.0
ROA17C5,Injured Casualties,2020,2020,06,June,Number,381.0
ROA17C5,Injured Casualties,2020,2020,07,July,Number,522.0
ROA17C5,Injured Casualties,2020,2020,08,August,Number,533.0
ROA17C5,Injured Casualties,2020,2020,09,September,Number,562.0
ROA17C5,Injured Casualties,2020,2020,10,October,Number,500.0
ROA17C5,Injured Casualties,2020,2020,11,November,Number,476.0
ROA17C5,Injured Casualties,2020,2020,12,December,Number,629.0
ROA17C5,Injured Casualties,2021,2021,-,All months,Number,6196.0
ROA17C5,Injured Casualties,2021,2021,01,January,Number,281.0
ROA17C5,Injured Casualties,2021,2021,02,February,Number,314.0
ROA17C5,Injured Casualties,2021,2021,03,March,Number,360.0
ROA17C5,Injured Casualties,2021,2021,04,April,Number,426.0
ROA17C5,Injured Casualties,2021,2021,05,May,Number,525.0
ROA17C5,Injured Casualties,2021,2021,06,June,Number,566.0
ROA17C5,Injured Casualties,2021,2021,07,July,Number,610.0
ROA17C5,Injured Casualties,2021,2021,08,August,Number,589.0
ROA17C5,Injured Casualties,2021,2021,09,September,Number,658.0
ROA17C5,Injured Casualties,2021,2021,10,October,Number,643.0
ROA17C5,Injured Casualties,2021,2021,11,November,Number,563.0
ROA17C5,Injured Casualties,2021,2021,12,December,Number,661.0
ROA17C5,Injured Casualties,2022,2022,-,All months,Number,7358.0
ROA17C5,Injured Casualties,2022,2022,01,January,Number,505.0
ROA17C5,Injured Casualties,2022,2022,02,February,Number,539.0
ROA17C5,Injured Casualties,2022,2022,03,March,Number,615.0
ROA17C5,Injured Casualties,2022,2022,04,April,Number,594.0
ROA17C5,Injured Casualties,2022,2022,05,May,Number,671.0
ROA17C5,Injured Casualties,2022,2022,06,June,Number,597.0
ROA17C5,Injured Casualties,2022,2022,07,July,Number,593.0
ROA17C5,Injured Casualties,2022,2022,08,August,Number,681.0
ROA17C5,Injured Casualties,2022,2022,09,September,Number,673.0
ROA17C5,Injured Casualties,2022,2022,10,October,Number,684.0
ROA17C5,Injured Casualties,2022,2022,11,November,Number,686.0
ROA17C5,Injured Casualties,2022,2022,12,December,Number,520.0
ROA17C5,Injured Casualties,2023,2023,-,All months,Number,6949.0
ROA17C5,Injured Casualties,2023,2023,01,January,Number,546.0
ROA17C5,Injured Casualties,2023,2023,02,February,Number,485.0
ROA17C5,Injured Casualties,2023,2023,03,March,Number,565.0
ROA17C5,Injured Casualties,2023,2023,04,April,Number,558.0
ROA17C5,Injured Casualties,2023,2023,05,May,Number,605.0
ROA17C5,Injured Casualties,2023,2023,06,June,Number,618.0
ROA17C5,Injured Casualties,2023,2023,07,July,Number,664.0
ROA17C5,Injured Casualties,2023,2023,08,August,Number,575.0
ROA17C5,Injured Casualties,2023,2023,09,September,Number,582.0
ROA17C5,Injured Casualties,2023,2023,10,October,Number,581.0
ROA17C5,Injured Casualties,2023,2023,11,November,Number,595.0
ROA17C5,Injured Casualties,2023,2023,12,December,Number,575.0
ROA17C6,All Killed and Injured Casualties,2005,2005,-,All months,Number,9714.0
ROA17C6,All Killed and Injured Casualties,2005,2005,01,January,Number,716.0
ROA17C6,All Killed and Injured Casualties,2005,2005,02,February,Number,628.0
ROA17C6,All Killed and Injured Casualties,2005,2005,03,March,Number,744.0
ROA17C6,All Killed and Injured Casualties,2005,2005,04,April,Number,749.0
ROA17C6,All Killed and Injured Casualties,2005,2005,05,May,Number,841.0
ROA17C6,All Killed and Injured Casualties,2005,2005,06,June,Number,774.0
ROA17C6,All Killed and Injured Casualties,2005,2005,07,July,Number,927.0
ROA17C6,All Killed and Injured Casualties,2005,2005,08,August,Number,900.0
ROA17C6,All Killed and Injured Casualties,2005,2005,09,September,Number,857.0
ROA17C6,All Killed and Injured Casualties,2005,2005,10,October,Number,936.0
ROA17C6,All Killed and Injured Casualties,2005,2005,11,November,Number,860.0
ROA17C6,All Killed and Injured Casualties,2005,2005,12,December,Number,782.0
ROA17C6,All Killed and Injured Casualties,2006,2006,-,All months,Number,8940.0
ROA17C6,All Killed and Injured Casualties,2006,2006,01,January,Number,763.0
ROA17C6,All Killed and Injured Casualties,2006,2006,02,February,Number,578.0
ROA17C6,All Killed and Injured Casualties,2006,2006,03,March,Number,660.0
ROA17C6,All Killed and Injured Casualties,2006,2006,04,April,Number,639.0
ROA17C6,All Killed and Injured Casualties,2006,2006,05,May,Number,739.0
ROA17C6,All Killed and Injured Casualties,2006,2006,06,June,Number,706.0
ROA17C6,All Killed and Injured Casualties,2006,2006,07,July,Number,800.0
ROA17C6,All Killed and Injured Casualties,2006,2006,08,August,Number,784.0
ROA17C6,All Killed and Injured Casualties,2006,2006,09,September,Number,769.0
ROA17C6,All Killed and Injured Casualties,2006,2006,10,October,Number,829.0
ROA17C6,All Killed and Injured Casualties,2006,2006,11,November,Number,777.0
ROA17C6,All Killed and Injured Casualties,2006,2006,12,December,Number,896.0
ROA17C6,All Killed and Injured Casualties,2007,2007,-,All months,Number,8144.0
ROA17C6,All Killed and Injured Casualties,2007,2007,01,January,Number,661.0
ROA17C6,All Killed and Injured Casualties,2007,2007,02,February,Number,589.0
ROA17C6,All Killed and Injured Casualties,2007,2007,03,March,Number,700.0
ROA17C6,All Killed and Injured Casualties,2007,2007,04,April,Number,595.0
ROA17C6,All Killed and Injured Casualties,2007,2007,05,May,Number,649.0
ROA17C6,All Killed and Injured Casualties,2007,2007,06,June,Number,722.0
ROA17C6,All Killed and Injured Casualties,2007,2007,07,July,Number,752.0
ROA17C6,All Killed and Injured Casualties,2007,2007,08,August,Number,769.0
ROA17C6,All Killed and Injured Casualties,2007,2007,09,September,Number,685.0
ROA17C6,All Killed and Injured Casualties,2007,2007,10,October,Number,680.0
ROA17C6,All Killed and Injured Casualties,2007,2007,11,November,Number,684.0
ROA17C6,All Killed and Injured Casualties,2007,2007,12,December,Number,658.0
ROA17C6,All Killed and Injured Casualties,2008,2008,-,All months,Number,10037.0
ROA17C6,All Killed and Injured Casualties,2008,2008,01,January,Number,843.0
ROA17C6,All Killed and Injured Casualties,2008,2008,02,February,Number,877.0
ROA17C6,All Killed and Injured Casualties,2008,2008,03,March,Number,828.0
ROA17C6,All Killed and Injured Casualties,2008,2008,04,April,Number,802.0
ROA17C6,All Killed and Injured Casualties,2008,2008,05,May,Number,938.0
ROA17C6,All Killed and Injured Casualties,2008,2008,06,June,Number,822.0
ROA17C6,All Killed and Injured Casualties,2008,2008,07,July,Number,796.0
ROA17C6,All Killed and Injured Casualties,2008,2008,08,August,Number,785.0
ROA17C6,All Killed and Injured Casualties,2008,2008,09,September,Number,797.0
ROA17C6,All Killed and Injured Casualties,2008,2008,10,October,Number,837.0
ROA17C6,All Killed and Injured Casualties,2008,2008,11,November,Number,855.0
ROA17C6,All Killed and Injured Casualties,2008,2008,12,December,Number,857.0
ROA17C6,All Killed and Injured Casualties,2009,2009,-,All months,Number,9980.0
ROA17C6,All Killed and Injured Casualties,2009,2009,01,January,Number,830.0
ROA17C6,All Killed and Injured Casualties,2009,2009,02,February,Number,603.0
ROA17C6,All Killed and Injured Casualties,2009,2009,03,March,Number,779.0
ROA17C6,All Killed and Injured Casualties,2009,2009,04,April,Number,829.0
ROA17C6,All Killed and Injured Casualties,2009,2009,05,May,Number,855.0
ROA17C6,All Killed and Injured Casualties,2009,2009,06,June,Number,778.0
ROA17C6,All Killed and Injured Casualties,2009,2009,07,July,Number,995.0
ROA17C6,All Killed and Injured Casualties,2009,2009,08,August,Number,899.0
ROA17C6,All Killed and Injured Casualties,2009,2009,09,September,Number,826.0
ROA17C6,All Killed and Injured Casualties,2009,2009,10,October,Number,878.0
ROA17C6,All Killed and Injured Casualties,2009,2009,11,November,Number,903.0
ROA17C6,All Killed and Injured Casualties,2009,2009,12,December,Number,805.0
ROA17C6,All Killed and Injured Casualties,2010,2010,-,All months,Number,8482.0
ROA17C6,All Killed and Injured Casualties,2010,2010,01,January,Number,586.0
ROA17C6,All Killed and Injured Casualties,2010,2010,02,February,Number,636.0
ROA17C6,All Killed and Injured Casualties,2010,2010,03,March,Number,698.0
ROA17C6,All Killed and Injured Casualties,2010,2010,04,April,Number,706.0
ROA17C6,All Killed and Injured Casualties,2010,2010,05,May,Number,783.0
ROA17C6,All Killed and Injured Casualties,2010,2010,06,June,Number,680.0
ROA17C6,All Killed and Injured Casualties,2010,2010,07,July,Number,776.0
ROA17C6,All Killed and Injured Casualties,2010,2010,08,August,Number,766.0
ROA17C6,All Killed and Injured Casualties,2010,2010,09,September,Number,814.0
ROA17C6,All Killed and Injured Casualties,2010,2010,10,October,Number,889.0
ROA17C6,All Killed and Injured Casualties,2010,2010,11,November,Number,731.0
ROA17C6,All Killed and Injured Casualties,2010,2010,12,December,Number,417.0
ROA17C6,All Killed and Injured Casualties,2011,2011,-,All months,Number,7421.0
ROA17C6,All Killed and Injured Casualties,2011,2011,01,January,Number,569.0
ROA17C6,All Killed and Injured Casualties,2011,2011,02,February,Number,558.0
ROA17C6,All Killed and Injured Casualties,2011,2011,03,March,Number,578.0
ROA17C6,All Killed and Injured Casualties,2011,2011,04,April,Number,555.0
ROA17C6,All Killed and Injured Casualties,2011,2011,05,May,Number,538.0
ROA17C6,All Killed and Injured Casualties,2011,2011,06,June,Number,661.0
ROA17C6,All Killed and Injured Casualties,2011,2011,07,July,Number,704.0
ROA17C6,All Killed and Injured Casualties,2011,2011,08,August,Number,700.0
ROA17C6,All Killed and Injured Casualties,2011,2011,09,September,Number,652.0
ROA17C6,All Killed and Injured Casualties,2011,2011,10,October,Number,674.0
ROA17C6,All Killed and Injured Casualties,2011,2011,11,November,Number,673.0
ROA17C6,All Killed and Injured Casualties,2011,2011,12,December,Number,559.0
ROA17C6,All Killed and Injured Casualties,2012,2012,-,All months,Number,8104.0
ROA17C6,All Killed and Injured Casualties,2012,2012,01,January,Number,652.0
ROA17C6,All Killed and Injured Casualties,2012,2012,02,February,Number,609.0
ROA17C6,All Killed and Injured Casualties,2012,2012,03,March,Number,719.0
ROA17C6,All Killed and Injured Casualties,2012,2012,04,April,Number,710.0
ROA17C6,All Killed and Injured Casualties,2012,2012,05,May,Number,643.0
ROA17C6,All Killed and Injured Casualties,2012,2012,06,June,Number,708.0
ROA17C6,All Killed and Injured Casualties,2012,2012,07,July,Number,694.0
ROA17C6,All Killed and Injured Casualties,2012,2012,08,August,Number,682.0
ROA17C6,All Killed and Injured Casualties,2012,2012,09,September,Number,649.0
ROA17C6,All Killed and Injured Casualties,2012,2012,10,October,Number,733.0
ROA17C6,All Killed and Injured Casualties,2012,2012,11,November,Number,678.0
ROA17C6,All Killed and Injured Casualties,2012,2012,12,December,Number,627.0
ROA17C6,All Killed and Injured Casualties,2013,2013,-,All months,Number,7068.0
ROA17C6,All Killed and Injured Casualties,2013,2013,01,January,Number,642.0
ROA17C6,All Killed and Injured Casualties,2013,2013,02,February,Number,505.0
ROA17C6,All Killed and Injured Casualties,2013,2013,03,March,Number,538.0
ROA17C6,All Killed and Injured Casualties,2013,2013,04,April,Number,464.0
ROA17C6,All Killed and Injured Casualties,2013,2013,05,May,Number,550.0
ROA17C6,All Killed and Injured Casualties,2013,2013,06,June,Number,600.0
ROA17C6,All Killed and Injured Casualties,2013,2013,07,July,Number,695.0
ROA17C6,All Killed and Injured Casualties,2013,2013,08,August,Number,619.0
ROA17C6,All Killed and Injured Casualties,2013,2013,09,September,Number,618.0
ROA17C6,All Killed and Injured Casualties,2013,2013,10,October,Number,648.0
ROA17C6,All Killed and Injured Casualties,2013,2013,11,November,Number,575.0
ROA17C6,All Killed and Injured Casualties,2013,2013,12,December,Number,614.0
ROA17C6,All Killed and Injured Casualties,2014,2014,-,All months,Number,8271.0
ROA17C6,All Killed and Injured Casualties,2014,2014,01,January,Number,652.0
ROA17C6,All Killed and Injured Casualties,2014,2014,02,February,Number,590.0
ROA17C6,All Killed and Injured Casualties,2014,2014,03,March,Number,590.0
ROA17C6,All Killed and Injured Casualties,2014,2014,04,April,Number,656.0
ROA17C6,All Killed and Injured Casualties,2014,2014,05,May,Number,671.0
ROA17C6,All Killed and Injured Casualties,2014,2014,06,June,Number,698.0
ROA17C6,All Killed and Injured Casualties,2014,2014,07,July,Number,703.0
ROA17C6,All Killed and Injured Casualties,2014,2014,08,August,Number,756.0
ROA17C6,All Killed and Injured Casualties,2014,2014,09,September,Number,692.0
ROA17C6,All Killed and Injured Casualties,2014,2014,10,October,Number,743.0
ROA17C6,All Killed and Injured Casualties,2014,2014,11,November,Number,811.0
ROA17C6,All Killed and Injured Casualties,2014,2014,12,December,Number,709.0
ROA17C6,All Killed and Injured Casualties,2015,2015,-,All months,Number,8002.0
ROA17C6,All Killed and Injured Casualties,2015,2015,01,January,Number,690.0
ROA17C6,All Killed and Injured Casualties,2015,2015,02,February,Number,569.0
ROA17C6,All Killed and Injured Casualties,2015,2015,03,March,Number,654.0
ROA17C6,All Killed and Injured Casualties,2015,2015,04,April,Number,542.0
ROA17C6,All Killed and Injured Casualties,2015,2015,05,May,Number,702.0
ROA17C6,All Killed and Injured Casualties,2015,2015,06,June,Number,659.0
ROA17C6,All Killed and Injured Casualties,2015,2015,07,July,Number,686.0
ROA17C6,All Killed and Injured Casualties,2015,2015,08,August,Number,690.0
ROA17C6,All Killed and Injured Casualties,2015,2015,09,September,Number,705.0
ROA17C6,All Killed and Injured Casualties,2015,2015,10,October,Number,676.0
ROA17C6,All Killed and Injured Casualties,2015,2015,11,November,Number,682.0
ROA17C6,All Killed and Injured Casualties,2015,2015,12,December,Number,747.0
ROA17C6,All Killed and Injured Casualties,2016,2016,-,All months,Number,7896.0
ROA17C6,All Killed and Injured Casualties,2016,2016,01,January,Number,711.0
ROA17C6,All Killed and Injured Casualties,2016,2016,02,February,Number,620.0
ROA17C6,All Killed and Injured Casualties,2016,2016,03,March,Number,614.0
ROA17C6,All Killed and Injured Casualties,2016,2016,04,April,Number,544.0
ROA17C6,All Killed and Injured Casualties,2016,2016,05,May,Number,642.0
ROA17C6,All Killed and Injured Casualties,2016,2016,06,June,Number,654.0
ROA17C6,All Killed and Injured Casualties,2016,2016,07,July,Number,743.0
ROA17C6,All Killed and Injured Casualties,2016,2016,08,August,Number,639.0
ROA17C6,All Killed and Injured Casualties,2016,2016,09,September,Number,738.0
ROA17C6,All Killed and Injured Casualties,2016,2016,10,October,Number,638.0
ROA17C6,All Killed and Injured Casualties,2016,2016,11,November,Number,659.0
ROA17C6,All Killed and Injured Casualties,2016,2016,12,December,Number,694.0
ROA17C6,All Killed and Injured Casualties,2017,2017,-,All months,Number,7934.0
ROA17C6,All Killed and Injured Casualties,2017,2017,01,January,Number,592.0
ROA17C6,All Killed and Injured Casualties,2017,2017,02,February,Number,533.0
ROA17C6,All Killed and Injured Casualties,2017,2017,03,March,Number,692.0
ROA17C6,All Killed and Injured Casualties,2017,2017,04,April,Number,543.0
ROA17C6,All Killed and Injured Casualties,2017,2017,05,May,Number,712.0
ROA17C6,All Killed and Injured Casualties,2017,2017,06,June,Number,637.0
ROA17C6,All Killed and Injured Casualties,2017,2017,07,July,Number,671.0
ROA17C6,All Killed and Injured Casualties,2017,2017,08,August,Number,645.0
ROA17C6,All Killed and Injured Casualties,2017,2017,09,September,Number,711.0
ROA17C6,All Killed and Injured Casualties,2017,2017,10,October,Number,647.0
ROA17C6,All Killed and Injured Casualties,2017,2017,11,November,Number,819.0
ROA17C6,All Killed and Injured Casualties,2017,2017,12,December,Number,732.0
ROA17C6,All Killed and Injured Casualties,2018,2018,-,All months,Number,8150.0
ROA17C6,All Killed and Injured Casualties,2018,2018,01,January,Number,610.0
ROA17C6,All Killed and Injured Casualties,2018,2018,02,February,Number,585.0
ROA17C6,All Killed and Injured Casualties,2018,2018,03,March,Number,609.0
ROA17C6,All Killed and Injured Casualties,2018,2018,04,April,Number,619.0
ROA17C6,All Killed and Injured Casualties,2018,2018,05,May,Number,737.0
ROA17C6,All Killed and Injured Casualties,2018,2018,06,June,Number,722.0
ROA17C6,All Killed and Injured Casualties,2018,2018,07,July,Number,738.0
ROA17C6,All Killed and Injured Casualties,2018,2018,08,August,Number,646.0
ROA17C6,All Killed and Injured Casualties,2018,2018,09,September,Number,695.0
ROA17C6,All Killed and Injured Casualties,2018,2018,10,October,Number,732.0
ROA17C6,All Killed and Injured Casualties,2018,2018,11,November,Number,737.0
ROA17C6,All Killed and Injured Casualties,2018,2018,12,December,Number,720.0
ROA17C6,All Killed and Injured Casualties,2019,2019,-,All months,Number,7719.0
ROA17C6,All Killed and Injured Casualties,2019,2019,01,January,Number,639.0
ROA17C6,All Killed and Injured Casualties,2019,2019,02,February,Number,520.0
ROA17C6,All Killed and Injured Casualties,2019,2019,03,March,Number,655.0
ROA17C6,All Killed and Injured Casualties,2019,2019,04,April,Number,535.0
ROA17C6,All Killed and Injured Casualties,2019,2019,05,May,Number,627.0
ROA17C6,All Killed and Injured Casualties,2019,2019,06,June,Number,658.0
ROA17C6,All Killed and Injured Casualties,2019,2019,07,July,Number,688.0
ROA17C6,All Killed and Injured Casualties,2019,2019,08,August,Number,661.0
ROA17C6,All Killed and Injured Casualties,2019,2019,09,September,Number,737.0
ROA17C6,All Killed and Injured Casualties,2019,2019,10,October,Number,689.0
ROA17C6,All Killed and Injured Casualties,2019,2019,11,November,Number,702.0
ROA17C6,All Killed and Injured Casualties,2019,2019,12,December,Number,608.0
ROA17C6,All Killed and Injured Casualties,2020,2020,-,All months,Number,5743.0
ROA17C6,All Killed and Injured Casualties,2020,2020,01,January,Number,668.0
ROA17C6,All Killed and Injured Casualties,2020,2020,02,February,Number,573.0
ROA17C6,All Killed and Injured Casualties,2020,2020,03,March,Number,363.0
ROA17C6,All Killed and Injured Casualties,2020,2020,04,April,Number,166.0
ROA17C6,All Killed and Injured Casualties,2020,2020,05,May,Number,282.0
ROA17C6,All Killed and Injured Casualties,2020,2020,06,June,Number,393.0
ROA17C6,All Killed and Injured Casualties,2020,2020,07,July,Number,532.0
ROA17C6,All Killed and Injured Casualties,2020,2020,08,August,Number,549.0
ROA17C6,All Killed and Injured Casualties,2020,2020,09,September,Number,580.0
ROA17C6,All Killed and Injured Casualties,2020,2020,10,October,Number,513.0
ROA17C6,All Killed and Injured Casualties,2020,2020,11,November,Number,487.0
ROA17C6,All Killed and Injured Casualties,2020,2020,12,December,Number,
ROA17C6,All Killed and Injured Casualties,2021,2021,-,All months,Number,6332.0
ROA17C6,All Killed and Injured Casualties,2021,2021,01,January,Number,285.0
ROA17C6,All Killed and Injured Casualties,2021,2021,02,February,Number,319.0
ROA17C6,All Killed and Injured Casualties,2021,2021,03,March,Number,370.0
ROA17C6,All Killed and Injured Casualties,2021,2021,04,April,Number,444.0
ROA17C6,All Killed and Injured Casualties,2021,2021,05,May,Number,532.0
ROA17C6,All Killed and Injured Casualties,2021,2021,06,June,Number,575.0
ROA17C6,All Killed and Injured Casualties,2021,2021,07,July,Number,627.0
ROA17C6,All Killed and Injured Casualties,2021,2021,08,August,Number,610.0
ROA17C6,All Killed and Injured Casualties,2021,2021,09,September,Number,669.0
ROA17C6,All Killed and Injured Casualties,2021,2021,10,October,Number,655.0
ROA17C6,All Killed and Injured Casualties,2021,2021,11,November,Number,566.0
ROA17C6,All Killed and Injured Casualties,2021,2021,12,December,Number,680.0
ROA17C6,All Killed and Injured Casualties,2022,2022,-,All months,Number,7511.0
ROA17C6,All Killed and Injured Casualties,2022,2022,01,January,Number,518.0
ROA17C6,All Killed and Injured Casualties,2022,2022,02,February,Number,552.0
ROA17C6,All Killed and Injured Casualties,2022,2022,03,March,Number,631.0
ROA17C6,All Killed and Injured Casualties,2022,2022,04,April,Number,603.0
ROA17C6,All Killed and Injured Casualties,2022,2022,05,May,Number,683.0
ROA17C6,All Killed and Injured Casualties,2022,2022,06,June,Number,610.0
ROA17C6,All Killed and Injured Casualties,2022,2022,07,July,Number,605.0
ROA17C6,All Killed and Injured Casualties,2022,2022,08,August,Number,693.0
ROA17C6,All Killed and Injured Casualties,2022,2022,09,September,Number,682.0
ROA17C6,All Killed and Injured Casualties,2022,2022,10,October,Number,696.0
ROA17C6,All Killed and Injured Casualties,2022,2022,11,November,Number,703.0
ROA17C6,All Killed and Injured Casualties,2022,2022,12,December,Number,535.0
ROA17C6,All Killed and Injured Casualties,2023,2023,-,All months,Number,7128.0
ROA17C6,All Killed and Injured Casualties,2023,2023,01,January,Number,562.0
ROA17C6,All Killed and Injured Casualties,2023,2023,02,February,Number,498.0
ROA17C6,All Killed and Injured Casualties,2023,2023,03,March,Number,576.0
ROA17C6,All Killed and Injured Casualties,2023,2023,04,April,Number,568.0
ROA17C6,All Killed and Injured Casualties,2023,2023,05,May,Number,625.0
ROA17C6,All Killed and Injured Casualties,2023,2023,06,June,Number,628.0
ROA17C6,All Killed and Injured Casualties,2023,2023,07,July,Number,680.0
ROA17C6,All Killed and Injured Casualties,2023,2023,08,August,Number,601.0
ROA17C6,All Killed and Injured Casualties,2023,2023,09,September,Number,591.0
ROA17C6,All Killed and Injured Casualties,2023,2023,10,October,Number,603.0
ROA17C6,All Killed and Injured Casualties,2023,2023,11,November,Number,608.0
ROA17C6,All Killed and Injured Casualties,2023,2023,12,December,Number,588.0
